PARROQUIA,ZONA,MES,DIA_SEMANA,HORA_NUM,ACCIDENTES,PROM_LESIONADOS,PROM_FALLECIDOS,PROM_TOTAL_VICTIMAS,CAUSA_MAS_FRECUENTE,TIPO_SINIESTRO_MAS_FRECUENTE,TIPO_VEHICULO_MAS_FRECUENTE,LATITUD_PROM,LONGITUD_PROM,RIESGO_PORC,NIVEL_RIESGO
BAÑOS (CUENCA),RURAL,1,1,7,1,0.0,0.0,0.0,CONDUCIR EN SENTIDO CONTRARIO A LA VÍA NORMAL DE CIRCULACIÓN.,CHOQUE FRONTAL,CAMIONETA,-2.920229,-79.066367,20.0,BAJO
BAÑOS (CUENCA),RURAL,1,2,19,1,3.0,0.0,3.0,CONDUCIR EN SENTIDO CONTRARIO A LA VÍA NORMAL DE CIRCULACIÓN.,CHOQUE FRONTAL,AUTOMÓVIL,-2.941882,-79.045685,20.0,BAJO
BAÑOS (CUENCA),RURAL,1,4,21,1,0.0,0.0,0.0,"NO RESPETAR LAS SEÑALES REGLAMENTARIAS DE TRÁNSITO. (PARE, CEDA EL PASO, LUZ ROJA DEL SEMAFORO, ETC).",CHOQUE LATERAL,AUTOMÓVIL,-2.940667,-79.046417,20.0,BAJO
BAÑOS (CUENCA),RURAL,1,5,10,1,0.0,0.0,0.0,"NO RESPETAR LAS SEÑALES REGLAMENTARIAS DE TRÁNSITO. (PARE, CEDA EL PASO, LUZ ROJA DEL SEMAFORO, ETC).",CHOQUE LATERAL,AUTOMÓVIL,-2.95225,-79.048444,20.0,BAJO
BAÑOS (CUENCA),RURAL,2,1,12,1,1.0,0.0,1.0,"CONDUCIR DESATENTO A LAS CONDICIONES DE TRÁNSITO (CELULAR, PANTALLAS DE VIDEO, COMIDA, MAQUILLAJE O CUALQUIER OTRO ELEMENTO DISTRACTOR).",OTROS,NO IDENTIFICADO,-2.941439,-79.048179,20.0,BAJO
BAÑOS (CUENCA),RURAL,2,1,20,1,1.0,0.0,1.0,"CONDUCE BAJO LA INFLUENCIA DE ALCOHOL, SUSTANCIAS ESTUPEFACIENTES O PSICOTRÓPICAS Y/O MEDICAMENTOS.",CHOQUE FRONTAL,AUTOMÓVIL,-2.921718,-79.079933,20.0,BAJO
BAÑOS (CUENCA),RURAL,2,3,1,1,0.0,0.0,0.0,"CONDUCIR DESATENTO A LAS CONDICIONES DE TRÁNSITO (CELULAR, PANTALLAS DE VIDEO, COMIDA, MAQUILLAJE O CUALQUIER OTRO ELEMENTO DISTRACTOR).",PÉRDIDA DE CARRIL,CAMIÓN,-2.950666,-79.047555,20.0,BAJO
BAÑOS (CUENCA),RURAL,3,3,7,1,0.0,0.0,0.0,NO MANTENER LA DISTANCIA PRUDENCIAL CON RESPECTO AL VEHÍCULO QUE LE ANTECEDE.,COLISIÓN,AUTOMÓVIL,-2.949889,-79.047194,20.0,BAJO
BAÑOS (CUENCA),RURAL,3,6,2,1,0.0,0.0,0.0,"CONDUCE BAJO LA INFLUENCIA DE ALCOHOL, SUSTANCIAS ESTUPEFACIENTES O PSICOTRÓPICAS Y/O MEDICAMENTOS.",CHOQUE LATERAL,VEHÍCULO DEPORTIVO UTILITARIO,-2.920433,-79.062729,20.0,BAJO
BAÑOS (CUENCA),RURAL,3,6,17,1,0.0,0.0,0.0,NO MANTENER LA DISTANCIA PRUDENCIAL CON RESPECTO AL VEHÍCULO QUE LE ANTECEDE.,CHOQUE POSTERIOR,VEHÍCULO DEPORTIVO UTILITARIO,-2.948083,-79.047001,20.0,BAJO
BAÑOS (CUENCA),RURAL,4,0,7,1,0.0,0.0,0.0,NO MANTENER LA DISTANCIA PRUDENCIAL CON RESPECTO AL VEHÍCULO QUE LE ANTECEDE.,COLISIÓN,AUTOMÓVIL,-2.95138889,-79.04777778,20.0,BAJO
BAÑOS (CUENCA),RURAL,4,1,13,1,2.0,0.0,2.0,"CONDUCIR DESATENTO A LAS CONDICIONES DE TRÁNSITO (CELULAR, PANTALLAS DE VIDEO, COMIDA, MAQUILLAJE O CUALQUIER OTRO ELEMENTO DISTRACTOR).",ATROPELLOS,AUTOMÓVIL,-2.925317,-79.073784,20.0,BAJO
BAÑOS (CUENCA),RURAL,4,5,17,1,6.0,0.0,6.0,CONDUCIR EN SENTIDO CONTRARIO A LA VÍA NORMAL DE CIRCULACIÓN.,CHOQUE FRONTAL,AUTOMÓVIL,-2.951361,-79.048056,20.0,BAJO
BAÑOS (CUENCA),RURAL,4,6,16,1,0.0,0.0,0.0,"CONDUCIR DESATENTO A LAS CONDICIONES DE TRÁNSITO (CELULAR, PANTALLAS DE VIDEO, COMIDA, MAQUILLAJE O CUALQUIER OTRO ELEMENTO DISTRACTOR).",PÉRDIDA DE PISTA,NO IDENTIFICADO,-2.920224,-79.066817,20.0,BAJO
BAÑOS (CUENCA),RURAL,5,1,7,1,0.0,0.0,0.0,"CONDUCIR DESATENTO A LAS CONDICIONES DE TRÁNSITO (CELULAR, PANTALLAS DE VIDEO, COMIDA, MAQUILLAJE O CUALQUIER OTRO ELEMENTO DISTRACTOR).",ESTRELLAMIENTOS,VEHÍCULO DEPORTIVO UTILITARIO,-2.948889,-79.047139,20.0,BAJO
BAÑOS (CUENCA),RURAL,5,2,18,1,4.0,0.0,4.0,"CONDUCIR DESATENTO A LAS CONDICIONES DE TRÁNSITO (CELULAR, PANTALLAS DE VIDEO, COMIDA, MAQUILLAJE O CUALQUIER OTRO ELEMENTO DISTRACTOR).",ATROPELLOS,AUTOMÓVIL,-2.920724,-79.06554,20.0,BAJO
BAÑOS (CUENCA),RURAL,5,3,21,1,0.0,0.0,0.0,"CONDUCIR DESATENTO A LAS CONDICIONES DE TRÁNSITO (CELULAR, PANTALLAS DE VIDEO, COMIDA, MAQUILLAJE O CUALQUIER OTRO ELEMENTO DISTRACTOR).",ESTRELLAMIENTOS,AUTOMÓVIL,-2.958194,-79.048861,20.0,BAJO
BAÑOS (CUENCA),RURAL,5,5,5,1,3.0,0.0,3.0,"NO RESPETAR LAS SEÑALES REGLAMENTARIAS DE TRÁNSITO. (PARE, CEDA EL PASO, LUZ ROJA DEL SEMAFORO, ETC).",CHOQUE LATERAL,AUTOMÓVIL,-2.9525,-79.048583,20.0,BAJO
BAÑOS (CUENCA),RURAL,6,1,18,1,1.0,0.0,1.0,"NO RESPETAR LAS SEÑALES REGLAMENTARIAS DE TRÁNSITO. (PARE, CEDA EL PASO, LUZ ROJA DEL SEMAFORO, ETC).",CHOQUE LATERAL,AUTOMÓVIL,-2.941917,-79.045722,20.0,BAJO
BAÑOS (CUENCA),RURAL,6,3,18,1,0.0,0.0,0.0,"CONDUCIR DESATENTO A LAS CONDICIONES DE TRÁNSITO (CELULAR, PANTALLAS DE VIDEO, COMIDA, MAQUILLAJE O CUALQUIER OTRO ELEMENTO DISTRACTOR).",ATROPELLOS,NO IDENTIFICADO,-2.900834,-79.049716,20.0,BAJO
BAÑOS (CUENCA),RURAL,6,4,6,1,0.0,0.0,0.0,"NO RESPETAR LAS SEÑALES REGLAMENTARIAS DE TRÁNSITO. (PARE, CEDA EL PASO, LUZ ROJA DEL SEMAFORO, ETC).",CHOQUE LATERAL,NO IDENTIFICADO,-2.951111,-79.054166,20.0,BAJO
BAÑOS (CUENCA),RURAL,6,6,18,1,0.0,0.0,0.0,NO GUARDAR LA DISTANCIA LATERAL MÍNIMA DE SEGURIDAD ENTRE VEHÍCULOS.,ROZAMIENTOS,BUS,-2.922983,-79.067441,20.0,BAJO
BAÑOS (CUENCA),RURAL,7,4,1,1,0.0,0.0,0.0,"CONDUCIR DESATENTO A LAS CONDICIONES DE TRÁNSITO (CELULAR, PANTALLAS DE VIDEO, COMIDA, MAQUILLAJE O CUALQUIER OTRO ELEMENTO DISTRACTOR).",PÉRDIDA DE CARRIL,AUTOMÓVIL,-2.951883,-79.048221,20.0,BAJO
BAÑOS (CUENCA),RURAL,7,6,7,1,0.0,0.0,0.0,"NO RESPETAR LAS SEÑALES REGLAMENTARIAS DE TRÁNSITO. (PARE, CEDA EL PASO, LUZ ROJA DEL SEMAFORO, ETC).",CHOQUE LATERAL,AUTOMÓVIL,-2.943056,-79.045556,20.0,BAJO
BAÑOS (CUENCA),RURAL,8,0,10,1,2.0,0.0,2.0,NO MANTENER LA DISTANCIA PRUDENCIAL CON RESPECTO AL VEHÍCULO QUE LE ANTECEDE.,CHOQUE POSTERIOR,CAMIONETA,-2.957602,-79.049168,20.0,BAJO
BAÑOS (CUENCA),RURAL,8,0,15,1,1.0,0.0,1.0,"NO RESPETAR LAS SEÑALES REGLAMENTARIAS DE TRÁNSITO. (PARE, CEDA EL PASO, LUZ ROJA DEL SEMAFORO, ETC).",CHOQUE LATERAL,MOTOCICLETA,-2.947222,-79.046111,20.0,BAJO
BAÑOS (CUENCA),RURAL,8,1,19,1,1.0,0.0,1.0,"CONDUCE BAJO LA INFLUENCIA DE ALCOHOL, SUSTANCIAS ESTUPEFACIENTES O PSICOTRÓPICAS Y/O MEDICAMENTOS.",CAÍDA DE PASAJERO,BUS,-2.910631,-79.068438,20.0,BAJO
BAÑOS (CUENCA),RURAL,8,2,13,1,2.0,0.0,2.0,"CONDUCE BAJO LA INFLUENCIA DE ALCOHOL, SUSTANCIAS ESTUPEFACIENTES O PSICOTRÓPICAS Y/O MEDICAMENTOS.",ROZAMIENTOS,AUTOMÓVIL,-2.919908,-79.063942,20.0,BAJO
BAÑOS (CUENCA),RURAL,8,5,8,1,1.0,0.0,1.0,CONDUCIR EN SENTIDO CONTRARIO A LA VÍA NORMAL DE CIRCULACIÓN.,CHOQUE FRONTAL,VEHÍCULO DEPORTIVO UTILITARIO,-2.959167,-79.048333,20.0,BAJO
BAÑOS (CUENCA),RURAL,8,6,20,1,0.0,0.0,0.0,"CONDUCIR DESATENTO A LAS CONDICIONES DE TRÁNSITO (CELULAR, PANTALLAS DE VIDEO, COMIDA, MAQUILLAJE O CUALQUIER OTRO ELEMENTO DISTRACTOR).",ESTRELLAMIENTOS,BUS,-2.922276,-79.066334,20.0,BAJO
BAÑOS (CUENCA),RURAL,9,2,22,1,1.0,0.0,1.0,NO MANTENER LA DISTANCIA PRUDENCIAL CON RESPECTO AL VEHÍCULO QUE LE ANTECEDE.,CHOQUE POSTERIOR,MOTOCICLETA,-2.948889,-79.047139,20.0,BAJO
BAÑOS (CUENCA),RURAL,9,6,14,1,0.0,0.0,0.0,NO MANTENER LA DISTANCIA PRUDENCIAL CON RESPECTO AL VEHÍCULO QUE LE ANTECEDE.,CHOQUE POSTERIOR,CAMIONETA,-2.939528,-79.046917,20.0,BAJO
BAÑOS (CUENCA),RURAL,9,6,23,1,4.0,0.0,4.0,"CONDUCIR DESATENTO A LAS CONDICIONES DE TRÁNSITO (CELULAR, PANTALLAS DE VIDEO, COMIDA, MAQUILLAJE O CUALQUIER OTRO ELEMENTO DISTRACTOR).",PÉRDIDA DE CARRIL,CAMIONETA,-2.939889,-79.046833,20.0,BAJO
BAÑOS (CUENCA),RURAL,10,1,9,1,0.0,0.0,0.0,"CONDUCIR DESATENTO A LAS CONDICIONES DE TRÁNSITO (CELULAR, PANTALLAS DE VIDEO, COMIDA, MAQUILLAJE O CUALQUIER OTRO ELEMENTO DISTRACTOR).",PÉRDIDA DE CARRIL,CAMIONETA,-2.941666,-79.04583,20.0,BAJO
BAÑOS (CUENCA),RURAL,10,3,14,1,1.0,0.0,1.0,"NO RESPETAR LAS SEÑALES REGLAMENTARIAS DE TRÁNSITO. (PARE, CEDA EL PASO, LUZ ROJA DEL SEMAFORO, ETC).",CHOQUE LATERAL,VEHÍCULO DEPORTIVO UTILITARIO,-2.957777,-79.04938,20.0,BAJO
BAÑOS (CUENCA),RURAL,10,4,18,1,0.0,0.0,0.0,NO MANTENER LA DISTANCIA PRUDENCIAL CON RESPECTO AL VEHÍCULO QUE LE ANTECEDE.,CHOQUE POSTERIOR,AUTOMÓVIL,-2.937799,-79.046407,20.0,BAJO
BAÑOS (CUENCA),RURAL,11,0,8,1,0.0,0.0,0.0,NO MANTENER LA DISTANCIA PRUDENCIAL CON RESPECTO AL VEHÍCULO QUE LE ANTECEDE.,CHOQUE POSTERIOR,AUTOMÓVIL,-2.94647222,-79.04652778,20.0,BAJO
BAÑOS (CUENCA),RURAL,11,1,10,1,0.0,0.0,0.0,NO MANTENER LA DISTANCIA PRUDENCIAL CON RESPECTO AL VEHÍCULO QUE LE ANTECEDE.,CHOQUE POSTERIOR,AUTOMÓVIL,-2.947111,-79.046861,20.0,BAJO
BAÑOS (CUENCA),RURAL,11,1,22,1,3.0,0.0,3.0,"CONDUCIR DESATENTO A LAS CONDICIONES DE TRÁNSITO (CELULAR, PANTALLAS DE VIDEO, COMIDA, MAQUILLAJE O CUALQUIER OTRO ELEMENTO DISTRACTOR).",PÉRDIDA DE CARRIL,AUTOMÓVIL,-2.95794097,-79.04922161,20.0,BAJO
BAÑOS (CUENCA),RURAL,11,2,17,1,0.0,0.0,0.0,NO MANTENER LA DISTANCIA PRUDENCIAL CON RESPECTO AL VEHÍCULO QUE LE ANTECEDE.,COLISIÓN,AUTOMÓVIL,-2.94597222,-79.04625,20.0,BAJO
BAÑOS (CUENCA),RURAL,11,4,4,1,1.0,0.0,1.0,"NO RESPETAR LAS SEÑALES REGLAMENTARIAS DE TRÁNSITO. (PARE, CEDA EL PASO, LUZ ROJA DEL SEMAFORO, ETC).",CHOQUE LATERAL,CAMIONETA,-2.957778,-79.049389,20.0,BAJO
BAÑOS (CUENCA),RURAL,11,4,22,1,0.0,0.0,0.0,"CONDUCIR DESATENTO A LAS CONDICIONES DE TRÁNSITO (CELULAR, PANTALLAS DE VIDEO, COMIDA, MAQUILLAJE O CUALQUIER OTRO ELEMENTO DISTRACTOR).",PÉRDIDA DE CARRIL,AUTOMÓVIL,-2.95249243,-79.04857464,20.0,BAJO
BAÑOS (CUENCA),RURAL,12,0,6,1,1.0,0.0,1.0,"CONDUCIR DESATENTO A LAS CONDICIONES DE TRÁNSITO (CELULAR, PANTALLAS DE VIDEO, COMIDA, MAQUILLAJE O CUALQUIER OTRO ELEMENTO DISTRACTOR).",ATROPELLOS,MOTOCICLETA,-2.947451,-79.046934,20.0,BAJO
BAÑOS (CUENCA),RURAL,12,3,8,1,0.0,0.0,0.0,"CONDUCIR DESATENTO A LAS CONDICIONES DE TRÁNSITO (CELULAR, PANTALLAS DE VIDEO, COMIDA, MAQUILLAJE O CUALQUIER OTRO ELEMENTO DISTRACTOR).",PÉRDIDA DE CARRIL,CAMIONETA,-2.9585,-79.048611,20.0,BAJO
BAÑOS (CUENCA),URBANA,2,3,12,1,1.0,0.0,1.0,"CONDUCE BAJO LA INFLUENCIA DE ALCOHOL, SUSTANCIAS ESTUPEFACIENTES O PSICOTRÓPICAS Y/O MEDICAMENTOS.",CHOQUE POSTERIOR,AUTOMÓVIL,-2.937737,-79.046406,20.0,BAJO
BAÑOS (CUENCA),URBANA,2,6,17,1,1.0,0.0,1.0,CONDUCIR EN SENTIDO CONTRARIO A LA VÍA NORMAL DE CIRCULACIÓN.,CHOQUE FRONTAL,VEHÍCULO DEPORTIVO UTILITARIO,-2.925952,-79.057877,20.0,BAJO
BAÑOS (CUENCA),URBANA,3,6,12,1,1.0,0.0,1.0,"NO RESPETAR LAS SEÑALES REGLAMENTARIAS DE TRÁNSITO. (PARE, CEDA EL PASO, LUZ ROJA DEL SEMAFORO, ETC).",CAÍDA DE PASAJERO,NO IDENTIFICADO,-2.951355,-79.06502,20.0,BAJO
BAÑOS (CUENCA),URBANA,4,5,2,1,1.0,0.0,1.0,"NO RESPETAR LAS SEÑALES REGLAMENTARIAS DE TRÁNSITO. (PARE, CEDA EL PASO, LUZ ROJA DEL SEMAFORO, ETC).",CHOQUE LATERAL,MOTOCICLETA,-2.918247,-79.055825,20.0,BAJO
BAÑOS (CUENCA),URBANA,8,4,4,1,0.0,0.0,0.0,"PEATÓN TRANSITA BAJO INFLUENCIA DE ALCOHOL, SUSTANCIAS ESTUPEFACIENTES O PSICOTRÓPICAS Y/O MEDICAMENTOS.",ESTRELLAMIENTOS,NO IDENTIFICADO,-2.907937,-79.053517,20.0,BAJO
BAÑOS (CUENCA),URBANA,9,1,15,1,1.0,0.0,1.0,"NO RESPETAR LAS SEÑALES REGLAMENTARIAS DE TRÁNSITO. (PARE, CEDA EL PASO, LUZ ROJA DEL SEMAFORO, ETC).",ATROPELLOS,AUTOMÓVIL,-2.919222,-79.060952,20.0,BAJO
CHAUCHA,RURAL,2,4,13,1,1.0,0.0,1.0,"CONDUCIR DESATENTO A LAS CONDICIONES DE TRÁNSITO (CELULAR, PANTALLAS DE VIDEO, COMIDA, MAQUILLAJE O CUALQUIER OTRO ELEMENTO DISTRACTOR).",PÉRDIDA DE PISTA,NO IDENTIFICADO,-2.875236,-79.422505,20.0,BAJO
CHAUCHA,RURAL,4,4,16,1,1.0,1.0,2.0,"CONDUCE BAJO LA INFLUENCIA DE ALCOHOL, SUSTANCIAS ESTUPEFACIENTES O PSICOTRÓPICAS Y/O MEDICAMENTOS.",PÉRDIDA DE PISTA,CAMIONETA,-2.998584,-79.372272,20.0,BAJO
CHECA (JIDCAY),RURAL,3,6,4,1,4.0,0.0,4.0,"CONDUCIR DESATENTO A LAS CONDICIONES DE TRÁNSITO (CELULAR, PANTALLAS DE VIDEO, COMIDA, MAQUILLAJE O CUALQUIER OTRO ELEMENTO DISTRACTOR).",PÉRDIDA DE PISTA,AUTOMÓVIL,-2.807942,-78.994886,20.0,BAJO
CHECA (JIDCAY),RURAL,6,5,21,1,2.0,0.0,2.0,CONDUCIR VEHÍCULO SUPERANDO LOS LÍMITES MÁXIMOS DE VELOCIDAD.,PÉRDIDA DE CARRIL,NO IDENTIFICADO,-2.800452,-78.993196,20.0,BAJO
CHECA (JIDCAY),RURAL,9,4,12,1,0.0,0.0,0.0,"NO RESPETAR LAS SEÑALES REGLAMENTARIAS DE TRÁNSITO. (PARE, CEDA EL PASO, LUZ ROJA DEL SEMAFORO, ETC).",CHOQUE LATERAL,CAMIONETA,-2.807363,-78.992981,20.0,BAJO
CHECA (JIDCAY),RURAL,9,5,1,1,1.0,0.0,1.0,"CONDUCIR DESATENTO A LAS CONDICIONES DE TRÁNSITO (CELULAR, PANTALLAS DE VIDEO, COMIDA, MAQUILLAJE O CUALQUIER OTRO ELEMENTO DISTRACTOR).",PÉRDIDA DE CARRIL,NO IDENTIFICADO,-2.790132,-78.999274,20.0,BAJO
CHIQUINTAD,RURAL,3,4,17,1,2.0,0.0,2.0,"CONDUCE BAJO LA INFLUENCIA DE ALCOHOL, SUSTANCIAS ESTUPEFACIENTES O PSICOTRÓPICAS Y/O MEDICAMENTOS.",PÉRDIDA DE PISTA,NO IDENTIFICADO,-2.834646,-78.995647,20.0,BAJO
CHIQUINTAD,RURAL,6,2,7,1,3.0,0.0,3.0,"CONDUCIR DESATENTO A LAS CONDICIONES DE TRÁNSITO (CELULAR, PANTALLAS DE VIDEO, COMIDA, MAQUILLAJE O CUALQUIER OTRO ELEMENTO DISTRACTOR).",PÉRDIDA DE CARRIL,NO IDENTIFICADO,-2.830252,-78.996098,20.0,BAJO
CHIQUINTAD,RURAL,9,6,3,1,1.0,0.0,1.0,"CONDUCIR DESATENTO A LAS CONDICIONES DE TRÁNSITO (CELULAR, PANTALLAS DE VIDEO, COMIDA, MAQUILLAJE O CUALQUIER OTRO ELEMENTO DISTRACTOR).",PÉRDIDA DE PISTA,NO IDENTIFICADO,-2.818672,-78.992601,20.0,BAJO
CHIQUINTAD,URBANA,6,3,17,1,1.0,0.0,1.0,CONDUCIR VEHÍCULO SUPERANDO LOS LÍMITES MÁXIMOS DE VELOCIDAD.,PÉRDIDA DE PISTA,NO IDENTIFICADO,-2.835485,-78.986021,20.0,BAJO
CHIQUINTAD,URBANA,6,6,7,1,1.0,0.0,1.0,CONDUCIR VEHÍCULO SUPERANDO LOS LÍMITES MÁXIMOS DE VELOCIDAD.,PÉRDIDA DE PISTA,AUTOMÓVIL,-2.846637,-78.986651,20.0,BAJO
CHIQUINTAD,URBANA,7,4,22,1,2.0,0.0,2.0,"CONDUCE BAJO LA INFLUENCIA DE ALCOHOL, SUSTANCIAS ESTUPEFACIENTES O PSICOTRÓPICAS Y/O MEDICAMENTOS.",ESTRELLAMIENTOS,AUTOMÓVIL,-2.850763,-78.986007,20.0,BAJO
CHIQUINTAD,URBANA,12,4,7,1,0.0,0.0,0.0,"CONDUCIR DESATENTO A LAS CONDICIONES DE TRÁNSITO (CELULAR, PANTALLAS DE VIDEO, COMIDA, MAQUILLAJE O CUALQUIER OTRO ELEMENTO DISTRACTOR).",CHOQUE LATERAL,AUTOMÓVIL,-2.142609,-79.934241,20.0,BAJO
CUENCA,RURAL,1,6,10,1,2.0,0.0,2.0,NO CEDER EL DERECHO DE VÍA O PREFERENCIA DE PASO A VEHÍCULOS.,CHOQUE LATERAL,NO IDENTIFICADO,-2.879897,-79.067129,20.0,BAJO
CUENCA,RURAL,2,0,21,1,0.0,0.0,0.0,"CONDUCE BAJO LA INFLUENCIA DE ALCOHOL, SUSTANCIAS ESTUPEFACIENTES O PSICOTRÓPICAS Y/O MEDICAMENTOS.",ROZAMIENTOS,CAMIONETA,-2.878253,-79.059741,20.0,BAJO
CUENCA,RURAL,2,1,15,1,1.0,0.0,1.0,NO TRANSITAR POR LAS ACERAS O ZONAS DE SEGURIDAD DESTINADAS PARA EL EFECTO.,ATROPELLOS,NO IDENTIFICADO,-2.86269,-78.936864,20.0,BAJO
CUENCA,RURAL,3,0,0,1,0.0,0.0,0.0,"CONDUCIR DESATENTO A LAS CONDICIONES DE TRÁNSITO (CELULAR, PANTALLAS DE VIDEO, COMIDA, MAQUILLAJE O CUALQUIER OTRO ELEMENTO DISTRACTOR).",PÉRDIDA DE PISTA,CAMIONETA,-2.887596,-78.951466,20.0,BAJO
CUENCA,RURAL,3,0,22,1,1.0,0.0,1.0,REALIZAR CAMBIO BRUSCO O INDEBIDO DE CARRIL.,CHOQUE LATERAL,MOTOCICLETA,-2.844161,-78.906212,20.0,BAJO
CUENCA,RURAL,3,1,18,1,1.0,0.0,1.0,CONDUCIR EN SENTIDO CONTRARIO A LA VÍA NORMAL DE CIRCULACIÓN.,CHOQUE FRONTAL,MOTOCICLETA,-2.932662,-79.044078,20.0,BAJO
CUENCA,RURAL,3,6,5,1,0.0,0.0,0.0,"CONDUCIR DESATENTO A LAS CONDICIONES DE TRÁNSITO (CELULAR, PANTALLAS DE VIDEO, COMIDA, MAQUILLAJE O CUALQUIER OTRO ELEMENTO DISTRACTOR).",PÉRDIDA DE PISTA,VEHÍCULO DEPORTIVO UTILITARIO,-2.885287,-79.043123,20.0,BAJO
CUENCA,RURAL,4,1,16,1,1.0,0.0,1.0,"CONDUCIR DESATENTO A LAS CONDICIONES DE TRÁNSITO (CELULAR, PANTALLAS DE VIDEO, COMIDA, MAQUILLAJE O CUALQUIER OTRO ELEMENTO DISTRACTOR).",PÉRDIDA DE CARRIL,CAMIONETA,-2.89587973,-78.96230177,20.0,BAJO
CUENCA,RURAL,4,2,8,1,1.0,0.0,1.0,"NO RESPETAR LAS SEÑALES REGLAMENTARIAS DE TRÁNSITO. (PARE, CEDA EL PASO, LUZ ROJA DEL SEMAFORO, ETC).",CHOQUE LATERAL,AUTOMÓVIL,-2.89771876,-78.96408238,20.0,BAJO
CUENCA,RURAL,4,6,19,1,1.0,0.0,1.0,NO TRANSITAR POR LAS ACERAS O ZONAS DE SEGURIDAD DESTINADAS PARA EL EFECTO.,ATROPELLOS,NO IDENTIFICADO,-2.894717,-79.038273,20.0,BAJO
CUENCA,RURAL,5,3,4,1,0.0,0.0,0.0,"CONDUCIR DESATENTO A LAS CONDICIONES DE TRÁNSITO (CELULAR, PANTALLAS DE VIDEO, COMIDA, MAQUILLAJE O CUALQUIER OTRO ELEMENTO DISTRACTOR).",ESTRELLAMIENTOS,NO IDENTIFICADO,-2.872172,-78.974903,20.0,BAJO
CUENCA,RURAL,6,0,15,1,1.0,0.0,1.0,NO TRANSITAR POR LAS ACERAS O ZONAS DE SEGURIDAD DESTINADAS PARA EL EFECTO.,ATROPELLOS,CAMIONETA,-2.878441,-78.955382,20.0,BAJO
CUENCA,RURAL,6,4,20,1,4.0,0.0,4.0,CONDUCIR VEHÍCULO SUPERANDO LOS LÍMITES MÁXIMOS DE VELOCIDAD.,CHOQUE POSTERIOR,AUTOMÓVIL,-2.848667,-78.896277,20.0,BAJO
CUENCA,RURAL,6,5,11,1,1.0,0.0,1.0,NO TRANSITAR POR LAS ACERAS O ZONAS DE SEGURIDAD DESTINADAS PARA EL EFECTO.,ATROPELLOS,NO IDENTIFICADO,-2.873447,-78.947132,20.0,BAJO
CUENCA,RURAL,7,3,21,1,0.0,0.0,0.0,NO MANTENER LA DISTANCIA PRUDENCIAL CON RESPECTO AL VEHÍCULO QUE LE ANTECEDE.,CHOQUE POSTERIOR,CAMIÓN,-2.879035,-78.943833,20.0,BAJO
CUENCA,RURAL,7,6,2,1,5.0,0.0,5.0,"CONDUCE BAJO LA INFLUENCIA DE ALCOHOL, SUSTANCIAS ESTUPEFACIENTES O PSICOTRÓPICAS Y/O MEDICAMENTOS.",CHOQUE POSTERIOR,AUTOMÓVIL,-2.871465,-78.937796,20.0,BAJO
CUENCA,RURAL,7,6,10,1,2.0,0.0,2.0,NO GUARDAR LA DISTANCIA LATERAL MÍNIMA DE SEGURIDAD ENTRE VEHÍCULOS.,ROZAMIENTOS,MOTOCICLETA,-2.885631,-78.948591,20.0,BAJO
CUENCA,RURAL,9,0,6,1,1.0,0.0,1.0,"CONDUCIR DESATENTO A LAS CONDICIONES DE TRÁNSITO (CELULAR, PANTALLAS DE VIDEO, COMIDA, MAQUILLAJE O CUALQUIER OTRO ELEMENTO DISTRACTOR).",ESTRELLAMIENTOS,CAMIÓN,-2.857985,-78.925073,20.0,BAJO
CUENCA,RURAL,9,1,8,1,1.0,0.0,1.0,"NO RESPETAR LAS SEÑALES REGLAMENTARIAS DE TRÁNSITO. (PARE, CEDA EL PASO, LUZ ROJA DEL SEMAFORO, ETC).",CHOQUE LATERAL,MOTOCICLETA,-2.883116,-79.069992,20.0,BAJO
CUENCA,RURAL,9,1,9,1,2.0,0.0,2.0,"CONDUCIR DESATENTO A LAS CONDICIONES DE TRÁNSITO (CELULAR, PANTALLAS DE VIDEO, COMIDA, MAQUILLAJE O CUALQUIER OTRO ELEMENTO DISTRACTOR).",ATROPELLOS,VEHÍCULO DEPORTIVO UTILITARIO,-2.856066,-78.912622,20.0,BAJO
CUENCA,RURAL,9,1,18,1,2.0,0.0,2.0,NO TRANSITAR POR LAS ACERAS O ZONAS DE SEGURIDAD DESTINADAS PARA EL EFECTO.,ATROPELLOS,MOTOCICLETA,-2.853929,-78.913171,20.0,BAJO
CUENCA,RURAL,9,4,9,1,1.0,0.0,1.0,REALIZAR CAMBIO BRUSCO O INDEBIDO DE CARRIL.,CHOQUE FRONTAL,BICICLETA,-2.850684,-78.985903,20.0,BAJO
CUENCA,RURAL,10,1,19,1,3.0,0.0,3.0,"NO RESPETAR LAS SEÑALES REGLAMENTARIAS DE TRÁNSITO. (PARE, CEDA EL PASO, LUZ ROJA DEL SEMAFORO, ETC).",CHOQUE LATERAL,MOTOCICLETA,-2.540277,-80.61694,20.0,BAJO
CUENCA,RURAL,10,2,11,1,0.0,0.0,0.0,"NO RESPETAR LAS SEÑALES REGLAMENTARIAS DE TRÁNSITO. (PARE, CEDA EL PASO, LUZ ROJA DEL SEMAFORO, ETC).",CAÍDA DE PASAJERO,NO IDENTIFICADO,-2.873323,-79.001727,20.0,BAJO
CUENCA,RURAL,10,5,18,1,4.0,0.0,4.0,"CONDUCE BAJO LA INFLUENCIA DE ALCOHOL, SUSTANCIAS ESTUPEFACIENTES O PSICOTRÓPICAS Y/O MEDICAMENTOS.",PÉRDIDA DE CARRIL,AUTOMÓVIL,-2.869338,-79.002004,20.0,BAJO