PARROQUIA,ZONA,MES,DIA_SEMANA,HORA_NUM,ACCIDENTES,PROM_LESIONADOS,PROM_FALLECIDOS,PROM_TOTAL_VICTIMAS,CAUSA_MAS_FRECUENTE,TIPO_SINIESTRO_MAS_FRECUENTE,TIPO_VEHICULO_MAS_FRECUENTE,LATITUD_PROM,LONGITUD_PROM,RIESGO_PORC,NIVEL_RIESGO
CUENCA,URBANA,6,5,4,1,1.0,1.0,2.0,"CONDUCE BAJO LA INFLUENCIA DE ALCOHOL, SUSTANCIAS ESTUPEFACIENTES O PSICOTRÓPICAS Y/O MEDICAMENTOS.",CHOQUE LATERAL,CAMIÓN,-2.920684,-79.015372,20.0,BAJO
CUENCA,URBANA,6,5,8,1,1.0,0.0,1.0,NO CEDER EL DERECHO DE VÍA O PREFERENCIA DE PASO A VEHÍCULOS.,CHOQUE LATERAL,VEHÍCULO DEPORTIVO UTILITARIO,-2.892874,-78.978241,20.0,BAJO
CUENCA,URBANA,6,5,9,1,2.0,0.0,2.0,"CONDUCE BAJO LA INFLUENCIA DE ALCOHOL, SUSTANCIAS ESTUPEFACIENTES O PSICOTRÓPICAS Y/O MEDICAMENTOS.",CHOQUE LATERAL,AUTOMÓVIL,-2.887623,-78.985541,20.0,BAJO
CUENCA,URBANA,6,5,12,2,0.5,0.0,0.5,NO CEDER EL DERECHO DE VÍA O PREFERENCIA DE PASO A VEHÍCULOS.,ATROPELLOS,BUS,-2.9152630000000004,-79.025519,40.0,MEDIO
CUENCA,URBANA,6,5,13,1,0.0,0.0,0.0,NO MANTENER LA DISTANCIA PRUDENCIAL CON RESPECTO AL VEHÍCULO QUE LE ANTECEDE.,CHOQUE POSTERIOR,AUTOMÓVIL,-2.903688,-78.990018,20.0,BAJO
CUENCA,URBANA,6,5,17,2,0.5,0.0,0.5,"CONDUCE BAJO LA INFLUENCIA DE ALCOHOL, SUSTANCIAS ESTUPEFACIENTES O PSICOTRÓPICAS Y/O MEDICAMENTOS.",CHOQUE POSTERIOR,AUTOMÓVIL,-2.8997595,-79.011032,40.0,MEDIO
CUENCA,URBANA,6,6,0,1,0.0,0.0,0.0,"CONDUCIR DESATENTO A LAS CONDICIONES DE TRÁNSITO (CELULAR, PANTALLAS DE VIDEO, COMIDA, MAQUILLAJE O CUALQUIER OTRO ELEMENTO DISTRACTOR).",PÉRDIDA DE CARRIL,AUTOMÓVIL,-2.887694,-79.009021,20.0,BAJO
CUENCA,URBANA,6,6,2,2,1.0,0.0,1.0,REALIZAR CAMBIO BRUSCO O INDEBIDO DE CARRIL.,CHOQUE LATERAL,AUTOMÓVIL,-2.8954,-79.024189,40.0,MEDIO
CUENCA,URBANA,6,6,3,1,1.0,0.0,1.0,"PEATÓN TRANSITA BAJO INFLUENCIA DE ALCOHOL, SUSTANCIAS ESTUPEFACIENTES O PSICOTRÓPICAS Y/O MEDICAMENTOS.",ATROPELLOS,NO IDENTIFICADO,-2.858971,-78.987874,20.0,BAJO
CUENCA,URBANA,6,6,5,1,0.0,0.0,0.0,CONDUCIR VEHÍCULO SUPERANDO LOS LÍMITES MÁXIMOS DE VELOCIDAD.,PÉRDIDA DE CARRIL,AUTOMÓVIL,-2.919238,-79.039181,20.0,BAJO
CUENCA,URBANA,6,6,12,1,2.0,0.0,2.0,"CONDUCE BAJO LA INFLUENCIA DE ALCOHOL, SUSTANCIAS ESTUPEFACIENTES O PSICOTRÓPICAS Y/O MEDICAMENTOS.",PÉRDIDA DE CARRIL,CAMIONETA,-2.913918,-79.029357,20.0,BAJO
CUENCA,URBANA,6,6,14,1,1.0,0.0,1.0,CONDUCIR VEHÍCULO SUPERANDO LOS LÍMITES MÁXIMOS DE VELOCIDAD.,PÉRDIDA DE CARRIL,VEHÍCULO DEPORTIVO UTILITARIO,-2.908202,-79.030849,20.0,BAJO
CUENCA,URBANA,6,6,16,2,1.0,0.0,1.0,"CONDUCE BAJO LA INFLUENCIA DE ALCOHOL, SUSTANCIAS ESTUPEFACIENTES O PSICOTRÓPICAS Y/O MEDICAMENTOS.",CHOQUE LATERAL,AUTOMÓVIL,-2.9124615,-79.0141845,40.0,MEDIO
CUENCA,URBANA,6,6,19,1,1.0,0.0,1.0,"CONDUCE BAJO LA INFLUENCIA DE ALCOHOL, SUSTANCIAS ESTUPEFACIENTES O PSICOTRÓPICAS Y/O MEDICAMENTOS.",ESTRELLAMIENTOS,MOTOCICLETA,-2.8914,-78.957099,20.0,BAJO
CUENCA,URBANA,6,6,21,1,1.0,0.0,1.0,"CONDUCE BAJO LA INFLUENCIA DE ALCOHOL, SUSTANCIAS ESTUPEFACIENTES O PSICOTRÓPICAS Y/O MEDICAMENTOS.",PÉRDIDA DE CARRIL,VEHÍCULO DEPORTIVO UTILITARIO,-2.889022,-79.014342,20.0,BAJO
CUENCA,URBANA,7,0,8,1,0.0,0.0,0.0,REALIZAR CAMBIO BRUSCO O INDEBIDO DE CARRIL.,ESTRELLAMIENTOS,FURGONETA,-2.881548,-79.028746,20.0,BAJO
CUENCA,URBANA,7,0,9,1,2.0,0.0,2.0,CONDUCIR VEHÍCULO SUPERANDO LOS LÍMITES MÁXIMOS DE VELOCIDAD.,PÉRDIDA DE PISTA,MOTOCICLETA,-2.860878,-78.977852,20.0,BAJO
CUENCA,URBANA,7,0,10,1,0.0,1.0,1.0,"CONDUCIR DESATENTO A LAS CONDICIONES DE TRÁNSITO (CELULAR, PANTALLAS DE VIDEO, COMIDA, MAQUILLAJE O CUALQUIER OTRO ELEMENTO DISTRACTOR).",ARROLLAMIENTOS,CAMIONETA,-2.910849,-79.032133,20.0,BAJO
CUENCA,URBANA,7,0,11,1,2.0,0.0,2.0,NO TRANSITAR POR LAS ACERAS O ZONAS DE SEGURIDAD DESTINADAS PARA EL EFECTO.,ATROPELLOS,AUTOMÓVIL,-2.885181,-79.006784,20.0,BAJO
CUENCA,URBANA,7,0,15,1,0.0,0.0,0.0,"NO RESPETAR LAS SEÑALES REGLAMENTARIAS DE TRÁNSITO. (PARE, CEDA EL PASO, LUZ ROJA DEL SEMAFORO, ETC).",CAÍDA DE PASAJERO,NO IDENTIFICADO,-2.901894,-78.992436,20.0,BAJO
CUENCA,URBANA,7,0,19,1,0.0,0.0,0.0,"CONDUCE BAJO LA INFLUENCIA DE ALCOHOL, SUSTANCIAS ESTUPEFACIENTES O PSICOTRÓPICAS Y/O MEDICAMENTOS.",ESTRELLAMIENTOS,AUTOMÓVIL,-2.897567,-78.997797,20.0,BAJO
CUENCA,URBANA,7,1,0,1,1.0,0.0,1.0,"CONDUCE BAJO LA INFLUENCIA DE ALCOHOL, SUSTANCIAS ESTUPEFACIENTES O PSICOTRÓPICAS Y/O MEDICAMENTOS.",CHOQUE FRONTAL,VEHÍCULO DEPORTIVO UTILITARIO,-2.9048,-79.001425,20.0,BAJO
CUENCA,URBANA,7,1,4,1,0.0,0.0,0.0,CONDUCIR VEHÍCULO SUPERANDO LOS LÍMITES MÁXIMOS DE VELOCIDAD.,PÉRDIDA DE PISTA,AUTOMÓVIL,-2.897541,-78.964115,20.0,BAJO
CUENCA,URBANA,7,1,7,1,0.0,0.0,0.0,"NO RESPETAR LAS SEÑALES REGLAMENTARIAS DE TRÁNSITO. (PARE, CEDA EL PASO, LUZ ROJA DEL SEMAFORO, ETC).",CHOQUE LATERAL,CAMIONETA,-2.896726,-79.033338,20.0,BAJO
CUENCA,URBANA,7,1,10,3,1.0,0.0,1.0,NO TRANSITAR POR LAS ACERAS O ZONAS DE SEGURIDAD DESTINADAS PARA EL EFECTO.,ATROPELLOS,BICICLETA,-2.905087333333333,-79.004926,60.0,ALTO
CUENCA,URBANA,7,1,11,1,1.0,0.0,1.0,"NO RESPETAR LAS SEÑALES REGLAMENTARIAS DE TRÁNSITO. (PARE, CEDA EL PASO, LUZ ROJA DEL SEMAFORO, ETC).",CHOQUE LATERAL,VEHÍCULO DEPORTIVO UTILITARIO,-2.895172,-79.019165,20.0,BAJO
CUENCA,URBANA,7,1,13,2,1.0,0.0,1.0,"CASO FORTUITO O FUERZA MAYOR (EXPLOSIÓN DE NEUMÁTICO NUEVO, DERRUMBE, INUNDACIÓN, CAÍDA DE PUENTE, ÁRBOL, PRESENCIA INTEMPESTIVA E IMPREVISTA DE SEMOVIENTES EN LA VÍA, ETC.).",ATROPELLOS,CAMIÓN,-2.8898435,-79.00999999999999,40.0,MEDIO
CUENCA,URBANA,7,1,15,1,1.0,0.0,1.0,"NO RESPETAR LAS SEÑALES REGLAMENTARIAS DE TRÁNSITO. (PARE, CEDA EL PASO, LUZ ROJA DEL SEMAFORO, ETC).",CHOQUE LATERAL,CAMIONETA,-2.886338,-79.008655,20.0,BAJO
CUENCA,URBANA,7,1,16,1,1.0,0.0,1.0,REALIZAR CAMBIO BRUSCO O INDEBIDO DE CARRIL.,CHOQUE LATERAL,AUTOMÓVIL,-2.924365,-79.036178,20.0,BAJO
CUENCA,URBANA,7,1,17,1,0.0,0.0,0.0,"CONDUCIR DESATENTO A LAS CONDICIONES DE TRÁNSITO (CELULAR, PANTALLAS DE VIDEO, COMIDA, MAQUILLAJE O CUALQUIER OTRO ELEMENTO DISTRACTOR).",ESTRELLAMIENTOS,CAMIÓN,-2.862057,-78.935165,20.0,BAJO
CUENCA,URBANA,7,1,18,4,0.75,0.0,0.75,"CONDUCE BAJO LA INFLUENCIA DE ALCOHOL, SUSTANCIAS ESTUPEFACIENTES O PSICOTRÓPICAS Y/O MEDICAMENTOS.",CHOQUE LATERAL,AUTOMÓVIL,-2.893842,-78.974643,80.0,ALTO
CUENCA,URBANA,7,2,4,1,1.0,0.0,1.0,"CONDUCIR DESATENTO A LAS CONDICIONES DE TRÁNSITO (CELULAR, PANTALLAS DE VIDEO, COMIDA, MAQUILLAJE O CUALQUIER OTRO ELEMENTO DISTRACTOR).",PÉRDIDA DE CARRIL,MOTOCICLETA,-2.891808,-78.991021,20.0,BAJO
CUENCA,URBANA,7,2,7,5,2.0,0.0,2.0,NO CEDER EL DERECHO DE VÍA O PREFERENCIA DE PASO A VEHÍCULOS.,CHOQUE LATERAL,CAMIÓN,-2.8992476,-78.9941568,100.0,ALTO
CUENCA,URBANA,7,2,8,2,0.0,0.0,0.0,"CONDUCE BAJO LA INFLUENCIA DE ALCOHOL, SUSTANCIAS ESTUPEFACIENTES O PSICOTRÓPICAS Y/O MEDICAMENTOS.",CHOQUE LATERAL,CAMIONETA,-2.906302,-79.017488,40.0,MEDIO
CUENCA,URBANA,7,2,11,1,1.0,0.0,1.0,"NO RESPETAR LAS SEÑALES REGLAMENTARIAS DE TRÁNSITO. (PARE, CEDA EL PASO, LUZ ROJA DEL SEMAFORO, ETC).",CHOQUE LATERAL,MOTOCICLETA,-2.907156,-79.016565,20.0,BAJO
CUENCA,URBANA,7,2,13,2,0.5,0.0,0.5,"CONDUCIR EN ESTADO DE SOMNOLENCIA O MALAS CONDICIONES FÍSICAS (SUEÑO, CANSANCIO Y FATIGA).",CHOQUE LATERAL,AUTOMÓVIL,-2.8950235,-79.03624400000001,40.0,MEDIO
CUENCA,URBANA,7,2,15,1,0.0,0.0,0.0,"NO RESPETAR LAS SEÑALES REGLAMENTARIAS DE TRÁNSITO. (PARE, CEDA EL PASO, LUZ ROJA DEL SEMAFORO, ETC).",CHOQUE LATERAL,CAMIONETA,-2.908078,-78.970585,20.0,BAJO
CUENCA,URBANA,7,2,16,1,0.0,0.0,0.0,"PRESENCIA DE AGENTES EXTERNOS EN LA VÍA (AGUA, ACEITE, PIEDRA, LASTRE, ESCOMBROS, MADEROS, ETC.).",ESTRELLAMIENTOS,CAMIÓN,-2.909661,-79.013408,20.0,BAJO
CUENCA,URBANA,7,2,17,1,1.0,0.0,1.0,NO GUARDAR LA DISTANCIA LATERAL MÍNIMA DE SEGURIDAD ENTRE VEHÍCULOS.,ROZAMIENTOS,MOTOCICLETA,-2.917074,-79.010261,20.0,BAJO
CUENCA,URBANA,7,2,18,2,1.0,0.0,1.0,CONDUCIR VEHÍCULO SUPERANDO LOS LÍMITES MÁXIMOS DE VELOCIDAD.,CHOQUE FRONTAL,MOTOCICLETA,-2.8915425,-79.023038,40.0,MEDIO
CUENCA,URBANA,7,2,19,1,0.0,0.0,0.0,CONDUCIR EN SENTIDO CONTRARIO A LA VÍA NORMAL DE CIRCULACIÓN.,CHOQUE LATERAL,VEHÍCULO DEPORTIVO UTILITARIO,-2.882425,-78.959883,20.0,BAJO
CUENCA,URBANA,7,2,21,1,0.0,0.0,0.0,"CONDUCIR EN ESTADO DE SOMNOLENCIA O MALAS CONDICIONES FÍSICAS (SUEÑO, CANSANCIO Y FATIGA).",CHOQUE LATERAL,AUTOMÓVIL,-2.891774,-79.008003,20.0,BAJO
CUENCA,URBANA,7,2,22,1,0.0,0.0,0.0,NO GUARDAR LA DISTANCIA LATERAL MÍNIMA DE SEGURIDAD ENTRE VEHÍCULOS.,CHOQUE LATERAL,AUTOMÓVIL,-2.901296,-78.965478,20.0,BAJO
CUENCA,URBANA,7,3,9,1,2.0,0.0,2.0,NO CEDER EL DERECHO DE VÍA O PREFERENCIA DE PASO A VEHÍCULOS.,CHOQUE LATERAL,MOTOCICLETA,-2.886022,-78.995915,20.0,BAJO
CUENCA,URBANA,7,3,12,3,0.6666666666666666,0.0,0.6666666666666666,"CONDUCIR DESATENTO A LAS CONDICIONES DE TRÁNSITO (CELULAR, PANTALLAS DE VIDEO, COMIDA, MAQUILLAJE O CUALQUIER OTRO ELEMENTO DISTRACTOR).",ARROLLAMIENTOS,NO IDENTIFICADO,-2.8904953333333334,-79.01113066666666,60.0,ALTO
CUENCA,URBANA,7,3,13,1,1.0,0.0,1.0,"CONDUCE BAJO LA INFLUENCIA DE ALCOHOL, SUSTANCIAS ESTUPEFACIENTES O PSICOTRÓPICAS Y/O MEDICAMENTOS.",CHOQUE LATERAL,AUTOMÓVIL,-2.909432,-79.002518,20.0,BAJO
CUENCA,URBANA,7,3,16,1,1.0,0.0,1.0,NO CEDER EL DERECHO DE VÍA O PREFERENCIA DE PASO A VEHÍCULOS.,CHOQUE LATERAL,AUTOMÓVIL,-2.911261,-79.017416,20.0,BAJO
CUENCA,URBANA,7,3,21,1,1.0,0.0,1.0,REALIZAR CAMBIO BRUSCO O INDEBIDO DE CARRIL.,CHOQUE LATERAL,AUTOMÓVIL,-2.907451,-79.032468,20.0,BAJO
CUENCA,URBANA,7,3,22,1,0.0,0.0,0.0,"MAL ESTACIONADO - EL CONDUCTOR QUE DETENGA O ESTACIONE VEHÍCULOS EN SITIOS O ZONAS QUE ENTRAÑEN PELIGRO, TALES COMO ZONA DE SEGURIDAD, CURVAS, PUENTES, TÚNELES, PENDIENTES.",ESTRELLAMIENTOS,AUTOMÓVIL,-2.890845,-78.990273,20.0,BAJO
CUENCA,URBANA,7,4,0,1,1.0,0.0,1.0,"CONDUCIR DESATENTO A LAS CONDICIONES DE TRÁNSITO (CELULAR, PANTALLAS DE VIDEO, COMIDA, MAQUILLAJE O CUALQUIER OTRO ELEMENTO DISTRACTOR).",PÉRDIDA DE CARRIL,MOTOCICLETA,-2.92192,-79.036339,20.0,BAJO
CUENCA,URBANA,7,4,2,2,0.0,0.0,0.0,"CONDUCE BAJO LA INFLUENCIA DE ALCOHOL, SUSTANCIAS ESTUPEFACIENTES O PSICOTRÓPICAS Y/O MEDICAMENTOS.",ESTRELLAMIENTOS,AUTOMÓVIL,-2.8968425,-79.0009855,40.0,MEDIO
CUENCA,URBANA,7,4,5,1,1.0,0.0,1.0,"CONDUCE BAJO LA INFLUENCIA DE ALCOHOL, SUSTANCIAS ESTUPEFACIENTES O PSICOTRÓPICAS Y/O MEDICAMENTOS.",CHOQUE POSTERIOR,ESPECIAL,-2.889466,-78.987521,20.0,BAJO
CUENCA,URBANA,7,4,9,1,1.0,0.0,1.0,NO CEDER EL DERECHO DE VÍA O PREFERENCIA DE PASO A VEHÍCULOS.,ATROPELLOS,NO IDENTIFICADO,-2.881328,-78.986621,20.0,BAJO
CUENCA,URBANA,7,4,10,2,1.0,0.0,1.0,"CONDUCIR DESATENTO A LAS CONDICIONES DE TRÁNSITO (CELULAR, PANTALLAS DE VIDEO, COMIDA, MAQUILLAJE O CUALQUIER OTRO ELEMENTO DISTRACTOR).",PÉRDIDA DE PISTA,AUTOMÓVIL,-2.8917520000000003,-79.031394,40.0,MEDIO
CUENCA,URBANA,7,4,13,2,0.5,0.0,0.5,CONDUCIR VEHÍCULO SUPERANDO LOS LÍMITES MÁXIMOS DE VELOCIDAD.,CHOQUE LATERAL,BUS,-2.8884875,-78.9765745,40.0,MEDIO
CUENCA,URBANA,7,4,15,1,0.0,1.0,1.0,"CONDUCIR DESATENTO A LAS CONDICIONES DE TRÁNSITO (CELULAR, PANTALLAS DE VIDEO, COMIDA, MAQUILLAJE O CUALQUIER OTRO ELEMENTO DISTRACTOR).",ARROLLAMIENTOS,NO IDENTIFICADO,-2.853682,-78.991436,20.0,BAJO
CUENCA,URBANA,7,4,18,2,1.5,0.0,1.5,"CONDUCIR DESATENTO A LAS CONDICIONES DE TRÁNSITO (CELULAR, PANTALLAS DE VIDEO, COMIDA, MAQUILLAJE O CUALQUIER OTRO ELEMENTO DISTRACTOR).",ATROPELLOS,AUTOMÓVIL,-2.8891485,-79.032383,40.0,MEDIO
CUENCA,URBANA,7,4,19,1,1.0,0.0,1.0,"CONDUCE BAJO LA INFLUENCIA DE ALCOHOL, SUSTANCIAS ESTUPEFACIENTES O PSICOTRÓPICAS Y/O MEDICAMENTOS.",CHOQUE POSTERIOR,AUTOMÓVIL,-2.887736,-79.009949,20.0,BAJO
CUENCA,URBANA,7,4,20,2,0.5,0.0,0.5,"CONDUCE BAJO LA INFLUENCIA DE ALCOHOL, SUSTANCIAS ESTUPEFACIENTES O PSICOTRÓPICAS Y/O MEDICAMENTOS.",CHOQUE LATERAL,AUTOMÓVIL,-2.881717,-78.95753500000001,40.0,MEDIO
CUENCA,URBANA,7,4,22,2,1.0,0.0,1.0,"CONDUCE BAJO LA INFLUENCIA DE ALCOHOL, SUSTANCIAS ESTUPEFACIENTES O PSICOTRÓPICAS Y/O MEDICAMENTOS.",CHOQUE LATERAL,MOTOCICLETA,-2.913334,-79.0214275,40.0,MEDIO
CUENCA,URBANA,7,4,23,2,1.0,0.0,1.0,"CONDUCE BAJO LA INFLUENCIA DE ALCOHOL, SUSTANCIAS ESTUPEFACIENTES O PSICOTRÓPICAS Y/O MEDICAMENTOS.",CHOQUE POSTERIOR,AUTOMÓVIL,-2.8686245,-78.9335935,40.0,MEDIO
CUENCA,URBANA,7,5,3,1,1.0,0.0,1.0,"PRESENCIA DE AGENTES EXTERNOS EN LA VÍA (AGUA, ACEITE, PIEDRA, LASTRE, ESCOMBROS, MADEROS, ETC.).",ESTRELLAMIENTOS,MOTOCICLETA,-2.914017,-78.996802,20.0,BAJO
CUENCA,URBANA,7,5,4,1,0.0,0.0,0.0,"CONDUCIR DESATENTO A LAS CONDICIONES DE TRÁNSITO (CELULAR, PANTALLAS DE VIDEO, COMIDA, MAQUILLAJE O CUALQUIER OTRO ELEMENTO DISTRACTOR).",ESTRELLAMIENTOS,AUTOMÓVIL,-2.897717,-79.025767,20.0,BAJO
CUENCA,URBANA,7,5,9,2,3.0,0.0,3.0,"CONDUCIR DESATENTO A LAS CONDICIONES DE TRÁNSITO (CELULAR, PANTALLAS DE VIDEO, COMIDA, MAQUILLAJE O CUALQUIER OTRO ELEMENTO DISTRACTOR).",CHOQUE LATERAL,AUTOMÓVIL,-2.880471,-78.9617575,40.0,MEDIO
CUENCA,URBANA,7,5,14,2,1.0,0.0,1.0,NO TRANSITAR POR LAS ACERAS O ZONAS DE SEGURIDAD DESTINADAS PARA EL EFECTO.,ATROPELLOS,AUTOMÓVIL,-2.9040145,-78.988759,40.0,MEDIO
CUENCA,URBANA,7,5,15,1,1.0,0.0,1.0,"CONDUCE BAJO LA INFLUENCIA DE ALCOHOL, SUSTANCIAS ESTUPEFACIENTES O PSICOTRÓPICAS Y/O MEDICAMENTOS.",ATROPELLOS,CAMIONETA,-2.880461,-79.035885,20.0,BAJO
CUENCA,URBANA,7,5,18,2,1.0,0.0,1.0,"CONDUCE BAJO LA INFLUENCIA DE ALCOHOL, SUSTANCIAS ESTUPEFACIENTES O PSICOTRÓPICAS Y/O MEDICAMENTOS.",PÉRDIDA DE PISTA,AUTOMÓVIL,-2.888989,-78.981608,40.0,MEDIO
CUENCA,URBANA,7,5,19,1,1.0,0.0,1.0,"CONDUCE BAJO LA INFLUENCIA DE ALCOHOL, SUSTANCIAS ESTUPEFACIENTES O PSICOTRÓPICAS Y/O MEDICAMENTOS.",CHOQUE LATERAL,AUTOMÓVIL,-2.896967,-78.976185,20.0,BAJO
CUENCA,URBANA,7,5,21,2,0.5,0.0,0.5,NO CEDER EL DERECHO DE VÍA O PREFERENCIA DE PASO AL PEATÓN.,ARROLLAMIENTOS,AUTOMÓVIL,-2.8887635,-79.003173,40.0,MEDIO
CUENCA,URBANA,7,5,22,2,2.0,0.0,2.0,"CONDUCE BAJO LA INFLUENCIA DE ALCOHOL, SUSTANCIAS ESTUPEFACIENTES O PSICOTRÓPICAS Y/O MEDICAMENTOS.",CHOQUE LATERAL,AUTOMÓVIL,-2.895748,-79.01933500000001,40.0,MEDIO
CUENCA,URBANA,7,5,23,1,0.0,0.0,0.0,"CONDUCE BAJO LA INFLUENCIA DE ALCOHOL, SUSTANCIAS ESTUPEFACIENTES O PSICOTRÓPICAS Y/O MEDICAMENTOS.",CHOQUE LATERAL,AUTOMÓVIL,-2.907417,-78.983073,20.0,BAJO
CUENCA,URBANA,7,6,2,3,1.0,0.3333333333333333,1.3333333333333333,"CONDUCE BAJO LA INFLUENCIA DE ALCOHOL, SUSTANCIAS ESTUPEFACIENTES O PSICOTRÓPICAS Y/O MEDICAMENTOS.",CHOQUE LATERAL,AUTOMÓVIL,-2.918545,-79.02104166666668,60.0,ALTO
CUENCA,URBANA,7,6,3,1,0.0,0.0,0.0,"CONDUCIR DESATENTO A LAS CONDICIONES DE TRÁNSITO (CELULAR, PANTALLAS DE VIDEO, COMIDA, MAQUILLAJE O CUALQUIER OTRO ELEMENTO DISTRACTOR).",PÉRDIDA DE CARRIL,VEHÍCULO DEPORTIVO UTILITARIO,-2.920945,-79.018672,20.0,BAJO
CUENCA,URBANA,7,6,5,1,0.0,0.0,0.0,"CONDUCIR DESATENTO A LAS CONDICIONES DE TRÁNSITO (CELULAR, PANTALLAS DE VIDEO, COMIDA, MAQUILLAJE O CUALQUIER OTRO ELEMENTO DISTRACTOR).",ESTRELLAMIENTOS,AUTOMÓVIL,-2.884591,-79.052777,20.0,BAJO
CUENCA,URBANA,7,6,9,1,2.0,0.0,2.0,"ADELANTAR O REBASAR A OTRO VEHÍCULO EN MOVIMIENTO EN ZONAS O SITIOS PELIGROSOS TALES COMO: CURVAS, PUENTES, TÚNELES, PENDIENTES, ETC.",CHOQUE LATERAL,AUTOMÓVIL,-2.923107,-79.051175,20.0,BAJO
CUENCA,URBANA,7,6,20,2,0.5,0.0,0.5,NO CEDER EL DERECHO DE VÍA O PREFERENCIA DE PASO A VEHÍCULOS.,CHOQUE LATERAL,MOTOCICLETA,-2.8830045,-79.02545649999999,40.0,MEDIO
CUENCA,URBANA,8,0,1,1,0.0,0.0,0.0,"CONDUCE BAJO LA INFLUENCIA DE ALCOHOL, SUSTANCIAS ESTUPEFACIENTES O PSICOTRÓPICAS Y/O MEDICAMENTOS.",PÉRDIDA DE PISTA,AUTOMÓVIL,-2.867715,-78.983743,20.0,BAJO
CUENCA,URBANA,8,0,7,1,1.0,0.0,1.0,"CONDUCIR DESATENTO A LAS CONDICIONES DE TRÁNSITO (CELULAR, PANTALLAS DE VIDEO, COMIDA, MAQUILLAJE O CUALQUIER OTRO ELEMENTO DISTRACTOR).",CHOQUE LATERAL,MOTOCICLETA,-2.910248,-78.969153,20.0,BAJO
CUENCA,URBANA,8,0,10,1,1.0,0.0,1.0,"CONDUCIR DESATENTO A LAS CONDICIONES DE TRÁNSITO (CELULAR, PANTALLAS DE VIDEO, COMIDA, MAQUILLAJE O CUALQUIER OTRO ELEMENTO DISTRACTOR).",OTROS,AUTOMÓVIL,-2.900015,-78.971379,20.0,BAJO
CUENCA,URBANA,8,0,14,1,2.0,0.0,2.0,"CONDUCIR DESATENTO A LAS CONDICIONES DE TRÁNSITO (CELULAR, PANTALLAS DE VIDEO, COMIDA, MAQUILLAJE O CUALQUIER OTRO ELEMENTO DISTRACTOR).",CHOQUE LATERAL,MOTOCICLETA,-2.895579,-78.991533,20.0,BAJO
CUENCA,URBANA,8,0,15,1,0.0,0.0,0.0,"CONDUCIR DESATENTO A LAS CONDICIONES DE TRÁNSITO (CELULAR, PANTALLAS DE VIDEO, COMIDA, MAQUILLAJE O CUALQUIER OTRO ELEMENTO DISTRACTOR).",CHOQUE POSTERIOR,AUTOMÓVIL,-2.895145,-79.018736,20.0,BAJO
CUENCA,URBANA,8,0,19,2,1.5,0.0,1.5,"CONDUCIR DESATENTO A LAS CONDICIONES DE TRÁNSITO (CELULAR, PANTALLAS DE VIDEO, COMIDA, MAQUILLAJE O CUALQUIER OTRO ELEMENTO DISTRACTOR).",ATROPELLOS,MOTOCICLETA,-2.8940865000000002,-79.014398,40.0,MEDIO
CUENCA,URBANA,8,0,22,1,0.0,0.0,0.0,"CONDUCE BAJO LA INFLUENCIA DE ALCOHOL, SUSTANCIAS ESTUPEFACIENTES O PSICOTRÓPICAS Y/O MEDICAMENTOS.",CHOQUE POSTERIOR,VEHÍCULO DEPORTIVO UTILITARIO,-2.896682,-79.019459,20.0,BAJO
CUENCA,URBANA,8,1,16,1,1.0,0.0,1.0,"PEATÓN TRANSITA BAJO INFLUENCIA DE ALCOHOL, SUSTANCIAS ESTUPEFACIENTES O PSICOTRÓPICAS Y/O MEDICAMENTOS.",CHOQUE LATERAL,MOTOCICLETA,-2.888207,-78.992665,20.0,BAJO
CUENCA,URBANA,8,1,20,1,2.0,0.0,2.0,"CONDUCIR DESATENTO A LAS CONDICIONES DE TRÁNSITO (CELULAR, PANTALLAS DE VIDEO, COMIDA, MAQUILLAJE O CUALQUIER OTRO ELEMENTO DISTRACTOR).",CHOQUE LATERAL,MOTOCICLETA,-2.892315,-79.006019,20.0,BAJO
CUENCA,URBANA,8,2,0,2,0.5,0.5,1.0,"CONDUCE BAJO LA INFLUENCIA DE ALCOHOL, SUSTANCIAS ESTUPEFACIENTES O PSICOTRÓPICAS Y/O MEDICAMENTOS.",PÉRDIDA DE CARRIL,MOTOCICLETA,-2.8982979999999996,-78.99332799999999,40.0,MEDIO
CUENCA,URBANA,8,2,6,1,0.0,0.0,0.0,"CONDUCE BAJO LA INFLUENCIA DE ALCOHOL, SUSTANCIAS ESTUPEFACIENTES O PSICOTRÓPICAS Y/O MEDICAMENTOS.",ESTRELLAMIENTOS,AUTOMÓVIL,-2.881408,-78.975254,20.0,BAJO
CUENCA,URBANA,8,2,8,1,0.0,0.0,0.0,"CONDUCIR DESATENTO A LAS CONDICIONES DE TRÁNSITO (CELULAR, PANTALLAS DE VIDEO, COMIDA, MAQUILLAJE O CUALQUIER OTRO ELEMENTO DISTRACTOR).",CHOQUE LATERAL,AUTOMÓVIL,-2.910168,-79.003737,20.0,BAJO
CUENCA,URBANA,8,2,10,2,1.0,0.0,1.0,"CONDUCIR DESATENTO A LAS CONDICIONES DE TRÁNSITO (CELULAR, PANTALLAS DE VIDEO, COMIDA, MAQUILLAJE O CUALQUIER OTRO ELEMENTO DISTRACTOR).",ATROPELLOS,CAMIONETA,-2.8979925,-79.00611,40.0,MEDIO
CUENCA,URBANA,8,2,11,1,1.0,0.0,1.0,"CONDUCE BAJO LA INFLUENCIA DE ALCOHOL, SUSTANCIAS ESTUPEFACIENTES O PSICOTRÓPICAS Y/O MEDICAMENTOS.",CHOQUE LATERAL,MOTOCICLETA,-2.913307,-79.013056,20.0,BAJO