PARROQUIA,ZONA,MES,DIA_SEMANA,HORA_NUM,ACCIDENTES,PROM_LESIONADOS,PROM_FALLECIDOS,PROM_TOTAL_VICTIMAS,CAUSA_MAS_FRECUENTE,TIPO_SINIESTRO_MAS_FRECUENTE,TIPO_VEHICULO_MAS_FRECUENTE,LATITUD_PROM,LONGITUD_PROM,RIESGO_PORC,NIVEL_RIESGO
CUENCA,URBANA,8,2,14,2,0.5,0.0,0.5,"CONDUCIR DESATENTO A LAS CONDICIONES DE TRÁNSITO (CELULAR, PANTALLAS DE VIDEO, COMIDA, MAQUILLAJE O CUALQUIER OTRO ELEMENTO DISTRACTOR).",CHOQUE LATERAL,CAMIONETA,-2.891386,-78.9942545,40.0,MEDIO
CUENCA,URBANA,8,2,15,1,2.0,0.0,2.0,"NO RESPETAR LAS SEÑALES REGLAMENTARIAS DE TRÁNSITO. (PARE, CEDA EL PASO, LUZ ROJA DEL SEMAFORO, ETC).",CHOQUE LATERAL,MOTOCICLETA,-2.912423,-79.033661,20.0,BAJO
CUENCA,URBANA,8,2,20,1,1.0,0.0,1.0,"PEATÓN TRANSITA BAJO INFLUENCIA DE ALCOHOL, SUSTANCIAS ESTUPEFACIENTES O PSICOTRÓPICAS Y/O MEDICAMENTOS.",ARROLLAMIENTOS,CAMIÓN,-2.902568,-79.032633,20.0,BAJO
CUENCA,URBANA,8,2,21,1,0.0,0.0,0.0,"CONDUCIR DESATENTO A LAS CONDICIONES DE TRÁNSITO (CELULAR, PANTALLAS DE VIDEO, COMIDA, MAQUILLAJE O CUALQUIER OTRO ELEMENTO DISTRACTOR).",ESTRELLAMIENTOS,VEHÍCULO DEPORTIVO UTILITARIO,-2.882076,-79.051678,20.0,BAJO
CUENCA,URBANA,8,3,10,1,1.0,0.0,1.0,"CONDUCIR DESATENTO A LAS CONDICIONES DE TRÁNSITO (CELULAR, PANTALLAS DE VIDEO, COMIDA, MAQUILLAJE O CUALQUIER OTRO ELEMENTO DISTRACTOR).",ATROPELLOS,MOTOCICLETA,-2.889375,-79.023483,20.0,BAJO
CUENCA,URBANA,8,3,13,2,0.5,0.0,0.5,"CONDUCIR DESATENTO A LAS CONDICIONES DE TRÁNSITO (CELULAR, PANTALLAS DE VIDEO, COMIDA, MAQUILLAJE O CUALQUIER OTRO ELEMENTO DISTRACTOR).",ATROPELLOS,NO IDENTIFICADO,-2.8888235,-78.979206,40.0,MEDIO
CUENCA,URBANA,8,3,15,1,1.0,0.0,1.0,"NO RESPETAR LAS SEÑALES REGLAMENTARIAS DE TRÁNSITO. (PARE, CEDA EL PASO, LUZ ROJA DEL SEMAFORO, ETC).",CHOQUE LATERAL,AUTOMÓVIL,-2.915723,-79.010041,20.0,BAJO
CUENCA,URBANA,8,3,18,1,0.0,0.0,0.0,"CONDUCE BAJO LA INFLUENCIA DE ALCOHOL, SUSTANCIAS ESTUPEFACIENTES O PSICOTRÓPICAS Y/O MEDICAMENTOS.",ESTRELLAMIENTOS,MOTOCICLETA,-2.886253,-78.974732,20.0,BAJO
CUENCA,URBANA,8,3,19,2,0.5,0.5,1.0,"CONDUCIR DESATENTO A LAS CONDICIONES DE TRÁNSITO (CELULAR, PANTALLAS DE VIDEO, COMIDA, MAQUILLAJE O CUALQUIER OTRO ELEMENTO DISTRACTOR).",CHOQUE LATERAL,MOTOCICLETA,-2.90476,-78.989749,40.0,MEDIO
CUENCA,URBANA,8,3,21,2,0.0,0.0,0.0,CONDUCIR VEHÍCULO SUPERANDO LOS LÍMITES MÁXIMOS DE VELOCIDAD.,CHOQUE POSTERIOR,VEHÍCULO DEPORTIVO UTILITARIO,-2.903396,-78.99877749999999,40.0,MEDIO
CUENCA,URBANA,8,3,22,4,1.0,0.0,1.0,"CONDUCE BAJO LA INFLUENCIA DE ALCOHOL, SUSTANCIAS ESTUPEFACIENTES O PSICOTRÓPICAS Y/O MEDICAMENTOS.",CHOQUE FRONTAL,VEHÍCULO DEPORTIVO UTILITARIO,-2.900391,-79.00632275000001,80.0,ALTO
CUENCA,URBANA,8,4,4,1,0.0,0.0,0.0,"PEATÓN TRANSITA BAJO INFLUENCIA DE ALCOHOL, SUSTANCIAS ESTUPEFACIENTES O PSICOTRÓPICAS Y/O MEDICAMENTOS.",ESTRELLAMIENTOS,AUTOMÓVIL,-2.881887,-79.021007,20.0,BAJO
CUENCA,URBANA,8,4,8,3,0.6666666666666666,0.0,0.6666666666666666,"CONDUCIR DESATENTO A LAS CONDICIONES DE TRÁNSITO (CELULAR, PANTALLAS DE VIDEO, COMIDA, MAQUILLAJE O CUALQUIER OTRO ELEMENTO DISTRACTOR).",CHOQUE LATERAL,CAMIONETA,-2.898654666666667,-78.99730166666667,60.0,ALTO
CUENCA,URBANA,8,4,9,1,1.0,0.0,1.0,"NO RESPETAR LAS SEÑALES REGLAMENTARIAS DE TRÁNSITO. (PARE, CEDA EL PASO, LUZ ROJA DEL SEMAFORO, ETC).",CHOQUE LATERAL,BICICLETA,-2.907232,-79.026439,20.0,BAJO
CUENCA,URBANA,8,4,10,1,1.0,0.0,1.0,REALIZAR CAMBIO BRUSCO O INDEBIDO DE CARRIL.,ATROPELLOS,BUS,-2.887425,-78.988797,20.0,BAJO
CUENCA,URBANA,8,4,14,2,1.0,0.0,1.0,NO MANTENER LA DISTANCIA PRUDENCIAL CON RESPECTO AL VEHÍCULO QUE LE ANTECEDE.,CHOQUE POSTERIOR,VEHÍCULO DEPORTIVO UTILITARIO,-2.898255,-78.9959425,40.0,MEDIO
CUENCA,URBANA,8,4,15,1,1.0,0.0,1.0,"CONDUCIR DESATENTO A LAS CONDICIONES DE TRÁNSITO (CELULAR, PANTALLAS DE VIDEO, COMIDA, MAQUILLAJE O CUALQUIER OTRO ELEMENTO DISTRACTOR).",ROZAMIENTOS,MOTOCICLETA,-2.854213,-78.914861,20.0,BAJO
CUENCA,URBANA,8,4,18,1,1.0,0.0,1.0,"CONDUCIR DESATENTO A LAS CONDICIONES DE TRÁNSITO (CELULAR, PANTALLAS DE VIDEO, COMIDA, MAQUILLAJE O CUALQUIER OTRO ELEMENTO DISTRACTOR).",ESTRELLAMIENTOS,FURGONETA,-2.874133,-79.037007,20.0,BAJO
CUENCA,URBANA,8,4,19,1,1.0,0.0,1.0,NO CEDER EL DERECHO DE VÍA O PREFERENCIA DE PASO AL PEATÓN.,ATROPELLOS,NO IDENTIFICADO,-2.912648,-79.002107,20.0,BAJO
CUENCA,URBANA,8,4,20,1,1.0,0.0,1.0,"CONDUCE BAJO LA INFLUENCIA DE ALCOHOL, SUSTANCIAS ESTUPEFACIENTES O PSICOTRÓPICAS Y/O MEDICAMENTOS.",CHOQUE LATERAL,MOTOCICLETA,-2.885491,-78.987418,20.0,BAJO
CUENCA,URBANA,8,5,0,1,1.0,0.0,1.0,"CONDUCE BAJO LA INFLUENCIA DE ALCOHOL, SUSTANCIAS ESTUPEFACIENTES O PSICOTRÓPICAS Y/O MEDICAMENTOS.",CHOQUE LATERAL,MOTOCICLETA,-2.891171,-78.984023,20.0,BAJO
CUENCA,URBANA,8,5,2,2,0.5,0.0,0.5,"CONDUCIR DESATENTO A LAS CONDICIONES DE TRÁNSITO (CELULAR, PANTALLAS DE VIDEO, COMIDA, MAQUILLAJE O CUALQUIER OTRO ELEMENTO DISTRACTOR).",ESTRELLAMIENTOS,AUTOMÓVIL,-2.900556,-78.99305100000001,40.0,MEDIO
CUENCA,URBANA,8,5,5,2,1.0,0.0,1.0,"CONDUCIR DESATENTO A LAS CONDICIONES DE TRÁNSITO (CELULAR, PANTALLAS DE VIDEO, COMIDA, MAQUILLAJE O CUALQUIER OTRO ELEMENTO DISTRACTOR).",CHOQUE FRONTAL,ESPECIAL,-2.897512,-78.9989555,40.0,MEDIO
CUENCA,URBANA,8,5,7,2,0.5,0.0,0.5,"CONDUCIR DESATENTO A LAS CONDICIONES DE TRÁNSITO (CELULAR, PANTALLAS DE VIDEO, COMIDA, MAQUILLAJE O CUALQUIER OTRO ELEMENTO DISTRACTOR).",CHOQUE LATERAL,AUTOMÓVIL,-2.894585,-79.03841249999999,40.0,MEDIO
CUENCA,URBANA,8,5,10,2,0.5,0.0,0.5,"CONDUCIR DESATENTO A LAS CONDICIONES DE TRÁNSITO (CELULAR, PANTALLAS DE VIDEO, COMIDA, MAQUILLAJE O CUALQUIER OTRO ELEMENTO DISTRACTOR).",CHOQUE LATERAL,AUTOMÓVIL,-2.9070150000000003,-79.01747800000001,40.0,MEDIO
CUENCA,URBANA,8,5,11,1,1.0,0.0,1.0,"CONDUCIR DESATENTO A LAS CONDICIONES DE TRÁNSITO (CELULAR, PANTALLAS DE VIDEO, COMIDA, MAQUILLAJE O CUALQUIER OTRO ELEMENTO DISTRACTOR).",ATROPELLOS,NO IDENTIFICADO,-2.897574,-79.029368,20.0,BAJO
CUENCA,URBANA,8,5,14,1,1.0,0.0,1.0,"CONDUCE BAJO LA INFLUENCIA DE ALCOHOL, SUSTANCIAS ESTUPEFACIENTES O PSICOTRÓPICAS Y/O MEDICAMENTOS.",CHOQUE POSTERIOR,MOTOCICLETA,-2.915348,-79.025721,20.0,BAJO
CUENCA,URBANA,8,5,15,1,0.0,0.0,0.0,"CONDUCE BAJO LA INFLUENCIA DE ALCOHOL, SUSTANCIAS ESTUPEFACIENTES O PSICOTRÓPICAS Y/O MEDICAMENTOS.",ESTRELLAMIENTOS,CAMIONETA,-2.875318,-79.001232,20.0,BAJO
CUENCA,URBANA,8,5,18,1,0.0,0.0,0.0,"CONDUCIR DESATENTO A LAS CONDICIONES DE TRÁNSITO (CELULAR, PANTALLAS DE VIDEO, COMIDA, MAQUILLAJE O CUALQUIER OTRO ELEMENTO DISTRACTOR).",COLISIÓN,CAMIONETA,-2.882485,-78.987327,20.0,BAJO
CUENCA,URBANA,8,5,19,1,1.0,0.0,1.0,"NO RESPETAR LAS SEÑALES REGLAMENTARIAS DE TRÁNSITO. (PARE, CEDA EL PASO, LUZ ROJA DEL SEMAFORO, ETC).",ESTRELLAMIENTOS,AUTOMÓVIL,-2.876944,-78.941563,20.0,BAJO
CUENCA,URBANA,8,6,1,1,0.0,0.0,0.0,"CONDUCE BAJO LA INFLUENCIA DE ALCOHOL, SUSTANCIAS ESTUPEFACIENTES O PSICOTRÓPICAS Y/O MEDICAMENTOS.",CHOQUE LATERAL,AUTOMÓVIL,-2.909434,-79.034741,20.0,BAJO
CUENCA,URBANA,8,6,3,1,1.0,0.0,1.0,"PEATÓN TRANSITA BAJO INFLUENCIA DE ALCOHOL, SUSTANCIAS ESTUPEFACIENTES O PSICOTRÓPICAS Y/O MEDICAMENTOS.",CHOQUE LATERAL,AUTOMÓVIL,-2.913393,-79.030972,20.0,BAJO
CUENCA,URBANA,8,6,15,1,0.0,0.0,0.0,"CONDUCE BAJO LA INFLUENCIA DE ALCOHOL, SUSTANCIAS ESTUPEFACIENTES O PSICOTRÓPICAS Y/O MEDICAMENTOS.",CHOQUE LATERAL,AUTOMÓVIL,-2.873801,-78.979951,20.0,BAJO
CUENCA,URBANA,8,6,16,2,0.5,0.0,0.5,NO MANTENER LA DISTANCIA PRUDENCIAL CON RESPECTO AL VEHÍCULO QUE LE ANTECEDE.,CHOQUE POSTERIOR,AUTOMÓVIL,-2.8955305,-78.965902,40.0,MEDIO
CUENCA,URBANA,8,6,18,1,5.0,0.0,5.0,"NO RESPETAR LAS SEÑALES REGLAMENTARIAS DE TRÁNSITO. (PARE, CEDA EL PASO, LUZ ROJA DEL SEMAFORO, ETC).",CHOQUE LATERAL,VEHÍCULO DEPORTIVO UTILITARIO,-2.884012,-78.981012,20.0,BAJO
CUENCA,URBANA,8,6,20,1,2.0,0.0,2.0,"CONDUCIR DESATENTO A LAS CONDICIONES DE TRÁNSITO (CELULAR, PANTALLAS DE VIDEO, COMIDA, MAQUILLAJE O CUALQUIER OTRO ELEMENTO DISTRACTOR).",CHOQUE LATERAL,MOTOCICLETA,-2.918215,-79.034899,20.0,BAJO
CUENCA,URBANA,9,0,6,1,1.0,0.0,1.0,"NO RESPETAR LAS SEÑALES REGLAMENTARIAS DE TRÁNSITO. (PARE, CEDA EL PASO, LUZ ROJA DEL SEMAFORO, ETC).",CHOQUE LATERAL,SCOOTER ELÉCTRICO,-2.0508498,-74.43960301,20.0,BAJO
CUENCA,URBANA,9,0,7,3,0.6666666666666666,0.0,0.6666666666666666,DISPOSITIVO REGULADOR DE TRÁNSITO EN MAL ESTADO DE FUNCIONAMIENTO (SEMÁFORO).,CHOQUE LATERAL,AUTOMÓVIL,-2.8961106666666665,-79.00692366666667,60.0,ALTO
CUENCA,URBANA,9,0,8,1,0.0,0.0,0.0,PEATÓN QUE CRUZA LA CALZADA SIN RESPETAR LA SEÑALIZACIÓN EXISTENTE (SEMÁFOROS O SEÑALES MANUALES).,ATROPELLOS,NO IDENTIFICADO,-2.874518,-78.987238,20.0,BAJO
CUENCA,URBANA,9,0,9,1,1.0,0.0,1.0,REALIZAR CAMBIO BRUSCO O INDEBIDO DE CARRIL.,CHOQUE LATERAL,MOTOCICLETA,-2.878355,-78.981143,20.0,BAJO
CUENCA,URBANA,9,0,10,2,0.0,0.0,0.0,CONDUCIR EN SENTIDO CONTRARIO A LA VÍA NORMAL DE CIRCULACIÓN.,CHOQUE LATERAL,AUTOMÓVIL,-2.885552,-79.026174,40.0,MEDIO
CUENCA,URBANA,9,0,11,3,1.3333333333333333,0.0,1.3333333333333333,"CONDUCIR DESATENTO A LAS CONDICIONES DE TRÁNSITO (CELULAR, PANTALLAS DE VIDEO, COMIDA, MAQUILLAJE O CUALQUIER OTRO ELEMENTO DISTRACTOR).",ATROPELLOS,AUTOMÓVIL,-2.90413,-79.012916,60.0,ALTO
CUENCA,URBANA,9,0,12,2,1.0,0.0,1.0,"CONDUCE BAJO LA INFLUENCIA DE ALCOHOL, SUSTANCIAS ESTUPEFACIENTES O PSICOTRÓPICAS Y/O MEDICAMENTOS.",ATROPELLOS,MOTOCICLETA,-2.8780219999999996,-78.99450200000001,40.0,MEDIO
CUENCA,URBANA,9,0,14,2,0.5,0.0,0.5,DISPOSITIVO REGULADOR DE TRÁNSITO EN MAL ESTADO DE FUNCIONAMIENTO (SEMÁFORO).,CHOQUE LATERAL,AUTOMÓVIL,-2.888014,-79.00023949999999,40.0,MEDIO
CUENCA,URBANA,9,0,15,3,1.3333333333333333,0.0,1.3333333333333333,"CONDUCE BAJO LA INFLUENCIA DE ALCOHOL, SUSTANCIAS ESTUPEFACIENTES O PSICOTRÓPICAS Y/O MEDICAMENTOS.",CHOQUE LATERAL,MOTOCICLETA,-2.903464,-79.00408066666667,60.0,ALTO
CUENCA,URBANA,9,0,16,1,0.0,0.0,0.0,"CONDUCIR DESATENTO A LAS CONDICIONES DE TRÁNSITO (CELULAR, PANTALLAS DE VIDEO, COMIDA, MAQUILLAJE O CUALQUIER OTRO ELEMENTO DISTRACTOR).",CHOQUE POSTERIOR,AUTOMÓVIL,-2.888732,-79.016664,20.0,BAJO
CUENCA,URBANA,9,0,18,2,1.0,0.0,1.0,"CONDUCIR DESATENTO A LAS CONDICIONES DE TRÁNSITO (CELULAR, PANTALLAS DE VIDEO, COMIDA, MAQUILLAJE O CUALQUIER OTRO ELEMENTO DISTRACTOR).",ESTRELLAMIENTOS,AUTOMÓVIL,-2.8899045,-79.002421,40.0,MEDIO
CUENCA,URBANA,9,0,19,2,0.0,0.0,0.0,"CONDUCE BAJO LA INFLUENCIA DE ALCOHOL, SUSTANCIAS ESTUPEFACIENTES O PSICOTRÓPICAS Y/O MEDICAMENTOS.",ESTRELLAMIENTOS,CAMIONETA,-2.885939,-78.9925985,40.0,MEDIO
CUENCA,URBANA,9,0,20,4,1.0,0.0,1.0,"CONDUCE BAJO LA INFLUENCIA DE ALCOHOL, SUSTANCIAS ESTUPEFACIENTES O PSICOTRÓPICAS Y/O MEDICAMENTOS.",CHOQUE FRONTAL,CAMIÓN,-2.88207675,-79.021879,80.0,ALTO
CUENCA,URBANA,9,0,21,1,0.0,0.0,0.0,"NO RESPETAR LAS SEÑALES REGLAMENTARIAS DE TRÁNSITO. (PARE, CEDA EL PASO, LUZ ROJA DEL SEMAFORO, ETC).",ATROPELLOS,NO IDENTIFICADO,-2.886702,-78.9856,20.0,BAJO
CUENCA,URBANA,9,1,1,2,0.0,0.0,0.0,"CONDUCIR DESATENTO A LAS CONDICIONES DE TRÁNSITO (CELULAR, PANTALLAS DE VIDEO, COMIDA, MAQUILLAJE O CUALQUIER OTRO ELEMENTO DISTRACTOR).",ESTRELLAMIENTOS,CAMIONETA,-2.8835365,-79.0094355,40.0,MEDIO
CUENCA,URBANA,9,1,3,1,1.0,0.0,1.0,"CONDUCE BAJO LA INFLUENCIA DE ALCOHOL, SUSTANCIAS ESTUPEFACIENTES O PSICOTRÓPICAS Y/O MEDICAMENTOS.",ESTRELLAMIENTOS,CAMIONETA,-2.908931,-78.981104,20.0,BAJO
CUENCA,URBANA,9,1,6,2,1.0,0.0,1.0,"CONDICIONES AMBIENTALES Y/O ATMOSFÉRICAS (NIEBLA, NEBLINA, GRANIZO, LLUVIA).",ESTRELLAMIENTOS,CAMIONETA,-2.8770605,-78.96839,40.0,MEDIO
CUENCA,URBANA,9,1,7,1,1.0,0.0,1.0,"NO RESPETAR LAS SEÑALES REGLAMENTARIAS DE TRÁNSITO. (PARE, CEDA EL PASO, LUZ ROJA DEL SEMAFORO, ETC).",CHOQUE LATERAL,MOTOCICLETA,-2.888173,-79.005392,20.0,BAJO
CUENCA,URBANA,9,1,8,3,1.0,0.0,1.0,NO CEDER EL DERECHO DE VÍA O PREFERENCIA DE PASO A VEHÍCULOS.,CHOQUE LATERAL,CAMIONETA,-2.878033333333333,-78.95625766666666,60.0,ALTO
CUENCA,URBANA,9,1,12,1,0.0,0.0,0.0,NO MANTENER LA DISTANCIA PRUDENCIAL CON RESPECTO AL VEHÍCULO QUE LE ANTECEDE.,CHOQUE POSTERIOR,AUTOMÓVIL,-2.888089,-79.005336,20.0,BAJO
CUENCA,URBANA,9,1,13,2,1.0,0.0,1.0,"CONDUCIR DESATENTO A LAS CONDICIONES DE TRÁNSITO (CELULAR, PANTALLAS DE VIDEO, COMIDA, MAQUILLAJE O CUALQUIER OTRO ELEMENTO DISTRACTOR).",ATROPELLOS,AUTOMÓVIL,-2.909549,-79.009443,40.0,MEDIO
CUENCA,URBANA,9,1,15,1,2.0,0.0,2.0,"NO RESPETAR LAS SEÑALES REGLAMENTARIAS DE TRÁNSITO. (PARE, CEDA EL PASO, LUZ ROJA DEL SEMAFORO, ETC).",CHOQUE LATERAL,MOTOCICLETA,-2.886298,-79.008747,20.0,BAJO
CUENCA,URBANA,9,1,17,2,1.0,0.0,1.0,"CONDUCIR DESATENTO A LAS CONDICIONES DE TRÁNSITO (CELULAR, PANTALLAS DE VIDEO, COMIDA, MAQUILLAJE O CUALQUIER OTRO ELEMENTO DISTRACTOR).",CHOQUE LATERAL,MOTOCICLETA,-2.9058064999999997,-79.0241675,40.0,MEDIO
CUENCA,URBANA,9,1,18,2,1.0,0.0,1.0,"CONDUCIR DESATENTO A LAS CONDICIONES DE TRÁNSITO (CELULAR, PANTALLAS DE VIDEO, COMIDA, MAQUILLAJE O CUALQUIER OTRO ELEMENTO DISTRACTOR).",CHOQUE LATERAL,AUTOMÓVIL,-2.90271,-79.01446150000001,40.0,MEDIO
CUENCA,URBANA,9,1,20,2,1.5,0.0,1.5,"NO RESPETAR LAS SEÑALES REGLAMENTARIAS DE TRÁNSITO. (PARE, CEDA EL PASO, LUZ ROJA DEL SEMAFORO, ETC).",CHOQUE LATERAL,AUTOMÓVIL,-2.909057,-79.01467600000001,40.0,MEDIO
CUENCA,URBANA,9,1,21,1,2.0,0.0,2.0,"CONDUCE BAJO LA INFLUENCIA DE ALCOHOL, SUSTANCIAS ESTUPEFACIENTES O PSICOTRÓPICAS Y/O MEDICAMENTOS.",CHOQUE LATERAL,MOTOCICLETA,-2.888711,-79.002351,20.0,BAJO
CUENCA,URBANA,9,1,23,1,2.0,0.0,2.0,"NO RESPETAR LAS SEÑALES REGLAMENTARIAS DE TRÁNSITO. (PARE, CEDA EL PASO, LUZ ROJA DEL SEMAFORO, ETC).",CHOQUE LATERAL,NO IDENTIFICADO,-2.893041,-79.003163,20.0,BAJO
CUENCA,URBANA,9,2,2,1,1.0,0.0,1.0,"CONDUCE BAJO LA INFLUENCIA DE ALCOHOL, SUSTANCIAS ESTUPEFACIENTES O PSICOTRÓPICAS Y/O MEDICAMENTOS.",PÉRDIDA DE CARRIL,MOTOCICLETA,-2.891604,-78.968349,20.0,BAJO
CUENCA,URBANA,9,2,4,1,0.0,0.0,0.0,"NO RESPETAR LAS SEÑALES REGLAMENTARIAS DE TRÁNSITO. (PARE, CEDA EL PASO, LUZ ROJA DEL SEMAFORO, ETC).",CHOQUE LATERAL,AUTOMÓVIL,-2.889253,-79.022291,20.0,BAJO
CUENCA,URBANA,9,2,7,1,0.0,0.0,0.0,"CONDUCIR DESATENTO A LAS CONDICIONES DE TRÁNSITO (CELULAR, PANTALLAS DE VIDEO, COMIDA, MAQUILLAJE O CUALQUIER OTRO ELEMENTO DISTRACTOR).",CHOQUE LATERAL,BUS,-2.885678,-78.998287,20.0,BAJO
CUENCA,URBANA,9,2,12,1,0.0,1.0,1.0,"NO RESPETAR LAS SEÑALES REGLAMENTARIAS DE TRÁNSITO. (PARE, CEDA EL PASO, LUZ ROJA DEL SEMAFORO, ETC).",ATROPELLOS,BUS,-2.897503,-79.023752,20.0,BAJO
CUENCA,URBANA,9,2,13,4,1.5,0.0,1.5,"NO RESPETAR LAS SEÑALES REGLAMENTARIAS DE TRÁNSITO. (PARE, CEDA EL PASO, LUZ ROJA DEL SEMAFORO, ETC).",CHOQUE LATERAL,MOTOCICLETA,-2.902591,-79.0072615,80.0,ALTO
CUENCA,URBANA,9,2,14,1,3.0,0.0,3.0,"NO RESPETAR LAS SEÑALES REGLAMENTARIAS DE TRÁNSITO. (PARE, CEDA EL PASO, LUZ ROJA DEL SEMAFORO, ETC).",ATROPELLOS,CAMIONETA,-2.878901,-78.988808,20.0,BAJO
CUENCA,URBANA,9,2,15,2,1.0,0.0,1.0,"NO RESPETAR LAS SEÑALES REGLAMENTARIAS DE TRÁNSITO. (PARE, CEDA EL PASO, LUZ ROJA DEL SEMAFORO, ETC).",CHOQUE LATERAL,AUTOMÓVIL,-2.906187,-79.0259325,40.0,MEDIO
CUENCA,URBANA,9,2,16,1,1.0,0.0,1.0,NO CEDER EL DERECHO DE VÍA O PREFERENCIA DE PASO AL PEATÓN.,ATROPELLOS,CAMIONETA,-2.893249,-78.997461,20.0,BAJO
CUENCA,URBANA,9,2,17,1,1.0,0.0,1.0,"CONDUCIR DESATENTO A LAS CONDICIONES DE TRÁNSITO (CELULAR, PANTALLAS DE VIDEO, COMIDA, MAQUILLAJE O CUALQUIER OTRO ELEMENTO DISTRACTOR).",CHOQUE LATERAL,MOTOCICLETA,-2.873014,-78.976381,20.0,BAJO
CUENCA,URBANA,9,2,18,1,1.0,0.0,1.0,NO CEDER EL DERECHO DE VÍA O PREFERENCIA DE PASO A VEHÍCULOS.,CHOQUE LATERAL,MOTOCICLETA,-2.911025,-79.008737,20.0,BAJO
CUENCA,URBANA,9,2,23,1,3.0,0.0,3.0,"NO RESPETAR LAS SEÑALES REGLAMENTARIAS DE TRÁNSITO. (PARE, CEDA EL PASO, LUZ ROJA DEL SEMAFORO, ETC).",CHOQUE LATERAL,NO IDENTIFICADO,-2.923658,-79.039759,20.0,BAJO
CUENCA,URBANA,9,3,7,1,2.0,0.0,2.0,"CONDUCIR DESATENTO A LAS CONDICIONES DE TRÁNSITO (CELULAR, PANTALLAS DE VIDEO, COMIDA, MAQUILLAJE O CUALQUIER OTRO ELEMENTO DISTRACTOR).",CHOQUE POSTERIOR,BICICLETA,-2.856791,-78.923957,20.0,BAJO
CUENCA,URBANA,9,3,8,1,1.0,0.0,1.0,PEATÓN QUE CRUZA LA CALZADA SIN RESPETAR LA SEÑALIZACIÓN EXISTENTE (SEMÁFOROS O SEÑALES MANUALES).,CHOQUE LATERAL,MOTOCICLETA,-2.914931,-79.03617,20.0,BAJO
CUENCA,URBANA,9,3,9,1,2.0,0.0,2.0,NO CEDER EL DERECHO DE VÍA O PREFERENCIA DE PASO A VEHÍCULOS.,CHOQUE LATERAL,AUTOMÓVIL,-2.882121,-79.022738,20.0,BAJO
CUENCA,URBANA,9,3,10,1,0.0,0.0,0.0,"NO RESPETAR LAS SEÑALES REGLAMENTARIAS DE TRÁNSITO. (PARE, CEDA EL PASO, LUZ ROJA DEL SEMAFORO, ETC).",CHOQUE LATERAL,NO IDENTIFICADO,-2.892476,-79.013407,20.0,BAJO
CUENCA,URBANA,9,3,11,1,0.0,0.0,0.0,"CONDUCE BAJO LA INFLUENCIA DE ALCOHOL, SUSTANCIAS ESTUPEFACIENTES O PSICOTRÓPICAS Y/O MEDICAMENTOS.",CHOQUE LATERAL,AUTOMÓVIL,-2.893275,-78.993035,20.0,BAJO
CUENCA,URBANA,9,3,13,2,0.0,0.0,0.0,"NO RESPETAR LAS SEÑALES REGLAMENTARIAS DE TRÁNSITO. (PARE, CEDA EL PASO, LUZ ROJA DEL SEMAFORO, ETC).",CHOQUE LATERAL,BUS,-2.893567,-79.013297,40.0,MEDIO
CUENCA,URBANA,9,3,14,3,1.0,0.0,1.0,"NO RESPETAR LAS SEÑALES REGLAMENTARIAS DE TRÁNSITO. (PARE, CEDA EL PASO, LUZ ROJA DEL SEMAFORO, ETC).",ATROPELLOS,MOTOCICLETA,-2.9002993333333333,-79.015016,60.0,ALTO
CUENCA,URBANA,9,3,15,3,0.6666666666666666,0.0,0.6666666666666666,"NO RESPETAR LAS SEÑALES REGLAMENTARIAS DE TRÁNSITO. (PARE, CEDA EL PASO, LUZ ROJA DEL SEMAFORO, ETC).",CHOQUE LATERAL,MOTOCICLETA,-2.8964423333333333,-79.00108766666666,60.0,ALTO
CUENCA,URBANA,9,3,16,1,0.0,0.0,0.0,"NO RESPETAR LAS SEÑALES REGLAMENTARIAS DE TRÁNSITO. (PARE, CEDA EL PASO, LUZ ROJA DEL SEMAFORO, ETC).",CHOQUE LATERAL,NO IDENTIFICADO,-2.900278,-79.0334,20.0,BAJO
CUENCA,URBANA,9,3,19,2,1.5,0.0,1.5,"CONDUCE BAJO LA INFLUENCIA DE ALCOHOL, SUSTANCIAS ESTUPEFACIENTES O PSICOTRÓPICAS Y/O MEDICAMENTOS.",CHOQUE LATERAL,AUTOMÓVIL,-2.8941945000000002,-79.0044295,40.0,MEDIO
CUENCA,URBANA,9,3,20,1,1.0,0.0,1.0,PEATÓN QUE CRUZA LA CALZADA SIN RESPETAR LA SEÑALIZACIÓN EXISTENTE (SEMÁFOROS O SEÑALES MANUALES).,ATROPELLOS,CAMIONETA,-2.891441,-78.993702,20.0,BAJO
CUENCA,URBANA,9,3,22,1,1.0,0.0,1.0,"CONDUCE BAJO LA INFLUENCIA DE ALCOHOL, SUSTANCIAS ESTUPEFACIENTES O PSICOTRÓPICAS Y/O MEDICAMENTOS.",VOLCAMIENTOS,MOTOCICLETA,-2.880005,-78.982371,20.0,BAJO
CUENCA,URBANA,9,3,23,1,0.0,0.0,0.0,"CONDUCE BAJO LA INFLUENCIA DE ALCOHOL, SUSTANCIAS ESTUPEFACIENTES O PSICOTRÓPICAS Y/O MEDICAMENTOS.",PÉRDIDA DE CARRIL,CAMIONETA,-2.902807,-78.987874,20.0,BAJO