PARROQUIA,ZONA,MES,DIA_SEMANA,HORA_NUM,ACCIDENTES,PROM_LESIONADOS,PROM_FALLECIDOS,PROM_TOTAL_VICTIMAS,CAUSA_MAS_FRECUENTE,TIPO_SINIESTRO_MAS_FRECUENTE,TIPO_VEHICULO_MAS_FRECUENTE,LATITUD_PROM,LONGITUD_PROM,RIESGO_PORC,NIVEL_RIESGO
CUENCA,URBANA,9,4,0,1,1.0,0.0,1.0,"NO RESPETAR LAS SEÑALES REGLAMENTARIAS DE TRÁNSITO. (PARE, CEDA EL PASO, LUZ ROJA DEL SEMAFORO, ETC).",PÉRDIDA DE CARRIL,AUTOMÓVIL,-2.893818,-79.01755,20.0,BAJO
CUENCA,URBANA,9,4,3,1,1.0,0.0,1.0,"NO RESPETAR LAS SEÑALES REGLAMENTARIAS DE TRÁNSITO. (PARE, CEDA EL PASO, LUZ ROJA DEL SEMAFORO, ETC).",ESTRELLAMIENTOS,VEHÍCULO DEPORTIVO UTILITARIO,-2.907789,-79.019063,20.0,BAJO
CUENCA,URBANA,9,4,6,1,1.0,0.0,1.0,"NO RESPETAR LAS SEÑALES REGLAMENTARIAS DE TRÁNSITO. (PARE, CEDA EL PASO, LUZ ROJA DEL SEMAFORO, ETC).",CHOQUE LATERAL,MOTOCICLETA,-2.868589,-78.983406,20.0,BAJO
CUENCA,URBANA,9,4,8,2,0.5,0.0,0.5,NO MANTENER LA DISTANCIA PRUDENCIAL CON RESPECTO AL VEHÍCULO QUE LE ANTECEDE.,CHOQUE LATERAL,AUTOMÓVIL,-2.9064045,-78.99780100000001,40.0,MEDIO
CUENCA,URBANA,9,4,9,1,0.0,0.0,0.0,"CONDUCE BAJO LA INFLUENCIA DE ALCOHOL, SUSTANCIAS ESTUPEFACIENTES O PSICOTRÓPICAS Y/O MEDICAMENTOS.",ROZAMIENTOS,AUTOMÓVIL,-2.878306,-78.995079,20.0,BAJO
CUENCA,URBANA,9,4,12,1,0.0,0.0,0.0,"NO RESPETAR LAS SEÑALES REGLAMENTARIAS DE TRÁNSITO. (PARE, CEDA EL PASO, LUZ ROJA DEL SEMAFORO, ETC).",CHOQUE LATERAL,VEHÍCULO DEPORTIVO UTILITARIO,-2.905071,-78.998612,20.0,BAJO
CUENCA,URBANA,9,4,13,2,0.5,0.0,0.5,"CONDUCE BAJO LA INFLUENCIA DE ALCOHOL, SUSTANCIAS ESTUPEFACIENTES O PSICOTRÓPICAS Y/O MEDICAMENTOS.",CHOQUE FRONTAL,FURGONETA,-2.898231,-78.981703,40.0,MEDIO
CUENCA,URBANA,9,4,14,2,0.5,0.0,0.5,NO GUARDAR LA DISTANCIA LATERAL MÍNIMA DE SEGURIDAD ENTRE VEHÍCULOS.,ESTRELLAMIENTOS,AUTOMÓVIL,-2.9121095,-79.0043435,40.0,MEDIO
CUENCA,URBANA,9,4,16,1,1.0,0.0,1.0,DEJAR O RECOGER PASAJEROS EN LUGARES NO PERMITIDOS.,CAÍDA DE PASAJERO,BUS,-2.872204,-78.981003,20.0,BAJO
CUENCA,URBANA,9,4,17,2,1.0,0.0,1.0,"CONDUCE BAJO LA INFLUENCIA DE ALCOHOL, SUSTANCIAS ESTUPEFACIENTES O PSICOTRÓPICAS Y/O MEDICAMENTOS.",ATROPELLOS,MOTOCICLETA,-2.8887985,-79.02328700000001,40.0,MEDIO
CUENCA,URBANA,9,4,18,1,0.0,0.0,0.0,"NO RESPETAR LAS SEÑALES REGLAMENTARIAS DE TRÁNSITO. (PARE, CEDA EL PASO, LUZ ROJA DEL SEMAFORO, ETC).",ATROPELLOS,NO IDENTIFICADO,1706417191.0,-79.02832,20.0,BAJO
CUENCA,URBANA,9,4,19,1,0.0,0.0,0.0,"CONDUCE BAJO LA INFLUENCIA DE ALCOHOL, SUSTANCIAS ESTUPEFACIENTES O PSICOTRÓPICAS Y/O MEDICAMENTOS.",CHOQUE LATERAL,VEHÍCULO DEPORTIVO UTILITARIO,-2.903723,-78.997311,20.0,BAJO
CUENCA,URBANA,9,4,20,2,0.5,0.0,0.5,"CONDUCE BAJO LA INFLUENCIA DE ALCOHOL, SUSTANCIAS ESTUPEFACIENTES O PSICOTRÓPICAS Y/O MEDICAMENTOS.",CHOQUE FRONTAL,AUTOMÓVIL,-2.899022,-79.005098,40.0,MEDIO
CUENCA,URBANA,9,4,21,3,1.0,0.0,1.0,"CONDUCE BAJO LA INFLUENCIA DE ALCOHOL, SUSTANCIAS ESTUPEFACIENTES O PSICOTRÓPICAS Y/O MEDICAMENTOS.",CHOQUE LATERAL,AUTOMÓVIL,-2.896252,-79.017629,60.0,ALTO
CUENCA,URBANA,9,4,22,1,1.0,0.0,1.0,"NO RESPETAR LAS SEÑALES REGLAMENTARIAS DE TRÁNSITO. (PARE, CEDA EL PASO, LUZ ROJA DEL SEMAFORO, ETC).",CHOQUE LATERAL,MOTOCICLETA,-2.910535,-79.020516,20.0,BAJO
CUENCA,URBANA,9,5,1,1,1.0,0.0,1.0,"NO RESPETAR LAS SEÑALES REGLAMENTARIAS DE TRÁNSITO. (PARE, CEDA EL PASO, LUZ ROJA DEL SEMAFORO, ETC).",CHOQUE LATERAL,CAMIONETA,-2.893835,-79.00423,20.0,BAJO
CUENCA,URBANA,9,5,2,1,0.0,0.0,0.0,"CONDUCE BAJO LA INFLUENCIA DE ALCOHOL, SUSTANCIAS ESTUPEFACIENTES O PSICOTRÓPICAS Y/O MEDICAMENTOS.",ESTRELLAMIENTOS,AUTOMÓVIL,-2.901721,-79.022107,20.0,BAJO
CUENCA,URBANA,9,5,3,3,1.0,0.0,1.0,"CONDUCE BAJO LA INFLUENCIA DE ALCOHOL, SUSTANCIAS ESTUPEFACIENTES O PSICOTRÓPICAS Y/O MEDICAMENTOS.",ATROPELLOS,AUTOMÓVIL,-2.911808333333333,-79.00496766666667,60.0,ALTO
CUENCA,URBANA,9,5,9,1,1.0,0.0,1.0,NO GUARDAR LA DISTANCIA LATERAL MÍNIMA DE SEGURIDAD ENTRE VEHÍCULOS.,ROZAMIENTOS,BICICLETA,-2.891495,-78.957192,20.0,BAJO
CUENCA,URBANA,9,5,12,1,1.0,0.0,1.0,"CONDUCIR DESATENTO A LAS CONDICIONES DE TRÁNSITO (CELULAR, PANTALLAS DE VIDEO, COMIDA, MAQUILLAJE O CUALQUIER OTRO ELEMENTO DISTRACTOR).",PÉRDIDA DE CARRIL,MOTOCICLETA,-2.888501,-79.011009,20.0,BAJO
CUENCA,URBANA,9,5,15,1,1.0,1.0,2.0,"CONDUCE BAJO LA INFLUENCIA DE ALCOHOL, SUSTANCIAS ESTUPEFACIENTES O PSICOTRÓPICAS Y/O MEDICAMENTOS.",PÉRDIDA DE CARRIL,MOTOCICLETA,-2.908962,-78.980938,20.0,BAJO
CUENCA,URBANA,9,5,17,2,0.5,0.0,0.5,"CONDUCE BAJO LA INFLUENCIA DE ALCOHOL, SUSTANCIAS ESTUPEFACIENTES O PSICOTRÓPICAS Y/O MEDICAMENTOS.",ATROPELLOS,VEHÍCULO DEPORTIVO UTILITARIO,-2.906046,-79.01430500000001,40.0,MEDIO
CUENCA,URBANA,9,5,18,3,1.3333333333333333,0.0,1.3333333333333333,"CONDUCIR DESATENTO A LAS CONDICIONES DE TRÁNSITO (CELULAR, PANTALLAS DE VIDEO, COMIDA, MAQUILLAJE O CUALQUIER OTRO ELEMENTO DISTRACTOR).",ATROPELLOS,MOTOCICLETA,-2.890642,-79.006503,60.0,ALTO
CUENCA,URBANA,9,5,19,2,0.5,0.0,0.5,NO MANTENER LA DISTANCIA PRUDENCIAL CON RESPECTO AL VEHÍCULO QUE LE ANTECEDE.,CHOQUE POSTERIOR,AUTOMÓVIL,-2.9049294999999997,-78.981172,40.0,MEDIO
CUENCA,URBANA,9,5,20,1,0.0,0.0,0.0,NO CEDER EL DERECHO DE VÍA O PREFERENCIA DE PASO AL PEATÓN.,ATROPELLOS,NO IDENTIFICADO,-2.921372,-79.046487,20.0,BAJO
CUENCA,URBANA,9,5,21,1,2.0,0.0,2.0,"CONDUCE BAJO LA INFLUENCIA DE ALCOHOL, SUSTANCIAS ESTUPEFACIENTES O PSICOTRÓPICAS Y/O MEDICAMENTOS.",CHOQUE LATERAL,MOTOCICLETA,-2.886445,-79.02181,20.0,BAJO
CUENCA,URBANA,9,5,22,4,0.5,0.25,0.75,"CONDUCE BAJO LA INFLUENCIA DE ALCOHOL, SUSTANCIAS ESTUPEFACIENTES O PSICOTRÓPICAS Y/O MEDICAMENTOS.",ESTRELLAMIENTOS,AUTOMÓVIL,-2.8902745000000003,-79.031694,80.0,ALTO
CUENCA,URBANA,9,6,0,1,0.0,0.0,0.0,"NO RESPETAR LAS SEÑALES REGLAMENTARIAS DE TRÁNSITO. (PARE, CEDA EL PASO, LUZ ROJA DEL SEMAFORO, ETC).",CHOQUE LATERAL,VEHÍCULO DEPORTIVO UTILITARIO,-2.900412,-79.015931,20.0,BAJO
CUENCA,URBANA,9,6,2,1,0.0,0.0,0.0,"CONDUCIR DESATENTO A LAS CONDICIONES DE TRÁNSITO (CELULAR, PANTALLAS DE VIDEO, COMIDA, MAQUILLAJE O CUALQUIER OTRO ELEMENTO DISTRACTOR).",PÉRDIDA DE CARRIL,AUTOMÓVIL,-2.913382,-79.030977,20.0,BAJO
CUENCA,URBANA,9,6,6,1,2.0,0.0,2.0,"CONDUCE BAJO LA INFLUENCIA DE ALCOHOL, SUSTANCIAS ESTUPEFACIENTES O PSICOTRÓPICAS Y/O MEDICAMENTOS.",PÉRDIDA DE CARRIL,VEHÍCULO DEPORTIVO UTILITARIO,-2.922231,-79.026882,20.0,BAJO
CUENCA,URBANA,9,6,7,1,1.0,0.0,1.0,"CONDUCE BAJO LA INFLUENCIA DE ALCOHOL, SUSTANCIAS ESTUPEFACIENTES O PSICOTRÓPICAS Y/O MEDICAMENTOS.",CHOQUE LATERAL,AUTOMÓVIL,-2.886126,-79.015231,20.0,BAJO
CUENCA,URBANA,9,6,8,2,0.5,0.0,0.5,"CONDUCE BAJO LA INFLUENCIA DE ALCOHOL, SUSTANCIAS ESTUPEFACIENTES O PSICOTRÓPICAS Y/O MEDICAMENTOS.",CHOQUE LATERAL,AUTOMÓVIL,-2.8991645,-79.008958,40.0,MEDIO
CUENCA,URBANA,9,6,10,1,1.0,0.0,1.0,"NO RESPETAR LAS SEÑALES REGLAMENTARIAS DE TRÁNSITO. (PARE, CEDA EL PASO, LUZ ROJA DEL SEMAFORO, ETC).",CHOQUE LATERAL,AUTOMÓVIL,-2.87969,-78.998368,20.0,BAJO
CUENCA,URBANA,9,6,12,2,0.0,0.0,0.0,"CONDUCE BAJO LA INFLUENCIA DE ALCOHOL, SUSTANCIAS ESTUPEFACIENTES O PSICOTRÓPICAS Y/O MEDICAMENTOS.",CHOQUE LATERAL,AUTOMÓVIL,-2.9133065,-79.01139,40.0,MEDIO
CUENCA,URBANA,9,6,14,1,0.0,0.0,0.0,"NO RESPETAR LAS SEÑALES REGLAMENTARIAS DE TRÁNSITO. (PARE, CEDA EL PASO, LUZ ROJA DEL SEMAFORO, ETC).",ATROPELLOS,NO IDENTIFICADO,-2.871575,-78.9858,20.0,BAJO
CUENCA,URBANA,9,6,15,1,1.0,0.0,1.0,"NO RESPETAR LAS SEÑALES REGLAMENTARIAS DE TRÁNSITO. (PARE, CEDA EL PASO, LUZ ROJA DEL SEMAFORO, ETC).",CHOQUE LATERAL,MOTOCICLETA,-2.910355,-79.021879,20.0,BAJO
CUENCA,URBANA,9,6,16,1,0.0,0.0,0.0,"CONDUCE BAJO LA INFLUENCIA DE ALCOHOL, SUSTANCIAS ESTUPEFACIENTES O PSICOTRÓPICAS Y/O MEDICAMENTOS.",CHOQUE POSTERIOR,VEHÍCULO DEPORTIVO UTILITARIO,-2.903621,-79.013548,20.0,BAJO
CUENCA,URBANA,9,6,19,1,0.0,0.0,0.0,"CONDUCE BAJO LA INFLUENCIA DE ALCOHOL, SUSTANCIAS ESTUPEFACIENTES O PSICOTRÓPICAS Y/O MEDICAMENTOS.",ESTRELLAMIENTOS,AUTOMÓVIL,-2.917127,-78.994891,20.0,BAJO
CUENCA,URBANA,9,6,20,1,2.0,0.0,2.0,"NO RESPETAR LAS SEÑALES REGLAMENTARIAS DE TRÁNSITO. (PARE, CEDA EL PASO, LUZ ROJA DEL SEMAFORO, ETC).",CHOQUE LATERAL,MOTOCICLETA,-2.866176,-78.983518,20.0,BAJO
CUENCA,URBANA,9,6,22,1,0.0,0.0,0.0,"CONDUCE BAJO LA INFLUENCIA DE ALCOHOL, SUSTANCIAS ESTUPEFACIENTES O PSICOTRÓPICAS Y/O MEDICAMENTOS.",CHOQUE LATERAL,AUTOMÓVIL,-2.911823,-78.993963,20.0,BAJO
CUENCA,URBANA,10,0,2,1,0.0,0.0,0.0,"CONDUCE BAJO LA INFLUENCIA DE ALCOHOL, SUSTANCIAS ESTUPEFACIENTES O PSICOTRÓPICAS Y/O MEDICAMENTOS.",PÉRDIDA DE CARRIL,CAMIONETA,-2.898772,-79.037002,20.0,BAJO
CUENCA,URBANA,10,0,6,1,1.0,0.0,1.0,"NO RESPETAR LAS SEÑALES REGLAMENTARIAS DE TRÁNSITO. (PARE, CEDA EL PASO, LUZ ROJA DEL SEMAFORO, ETC).",ATROPELLOS,MOTOCICLETA,-2.913206,-79.02172,20.0,BAJO
CUENCA,URBANA,10,0,7,2,1.0,0.0,1.0,NO CEDER EL DERECHO DE VÍA O PREFERENCIA DE PASO AL PEATÓN.,ATROPELLOS,VEHÍCULO DEPORTIVO UTILITARIO,-2.8969555,-79.0189445,40.0,MEDIO
CUENCA,URBANA,10,0,11,1,1.0,0.0,1.0,"NO RESPETAR LAS SEÑALES REGLAMENTARIAS DE TRÁNSITO. (PARE, CEDA EL PASO, LUZ ROJA DEL SEMAFORO, ETC).",CHOQUE LATERAL,VEHÍCULO DEPORTIVO UTILITARIO,-2.912974,-79.032205,20.0,BAJO
CUENCA,URBANA,10,0,13,1,1.0,0.0,1.0,"NO RESPETAR LAS SEÑALES REGLAMENTARIAS DE TRÁNSITO. (PARE, CEDA EL PASO, LUZ ROJA DEL SEMAFORO, ETC).",ATROPELLOS,MOTOCICLETA,-2.917988,-79.034859,20.0,BAJO
CUENCA,URBANA,10,0,16,1,0.0,0.0,0.0,NO MANTENER LA DISTANCIA PRUDENCIAL CON RESPECTO AL VEHÍCULO QUE LE ANTECEDE.,CHOQUE POSTERIOR,VEHÍCULO DEPORTIVO UTILITARIO,-2.897728,-78.968863,20.0,BAJO
CUENCA,URBANA,10,0,18,1,1.0,0.0,1.0,CONDUCIR EN SENTIDO CONTRARIO A LA VÍA NORMAL DE CIRCULACIÓN.,CHOQUE FRONTAL,VEHÍCULO DEPORTIVO UTILITARIO,-2.919442,-79.024218,20.0,BAJO
CUENCA,URBANA,10,0,19,1,2.0,0.0,2.0,"CONDUCIR DESATENTO A LAS CONDICIONES DE TRÁNSITO (CELULAR, PANTALLAS DE VIDEO, COMIDA, MAQUILLAJE O CUALQUIER OTRO ELEMENTO DISTRACTOR).",CHOQUE LATERAL,AUTOMÓVIL,-2.905802,-78.996393,20.0,BAJO
CUENCA,URBANA,10,1,3,1,1.0,0.0,1.0,"NO RESPETAR LAS SEÑALES REGLAMENTARIAS DE TRÁNSITO. (PARE, CEDA EL PASO, LUZ ROJA DEL SEMAFORO, ETC).",CHOQUE LATERAL,AUTOMÓVIL,-2.887714,-78.985316,20.0,BAJO
CUENCA,URBANA,10,1,5,1,1.0,0.0,1.0,"CONDUCIR DESATENTO A LAS CONDICIONES DE TRÁNSITO (CELULAR, PANTALLAS DE VIDEO, COMIDA, MAQUILLAJE O CUALQUIER OTRO ELEMENTO DISTRACTOR).",CHOQUE LATERAL,NO IDENTIFICADO,-2.881848,-79.025098,20.0,BAJO
CUENCA,URBANA,10,1,7,1,1.0,0.0,1.0,"NO RESPETAR LAS SEÑALES REGLAMENTARIAS DE TRÁNSITO. (PARE, CEDA EL PASO, LUZ ROJA DEL SEMAFORO, ETC).",CHOQUE LATERAL,MOTOCICLETA,-2.931169,-79.04353,20.0,BAJO
CUENCA,URBANA,10,1,9,1,0.0,1.0,1.0,NO CEDER EL DERECHO DE VÍA O PREFERENCIA DE PASO A VEHÍCULOS.,ATROPELLOS,NO IDENTIFICADO,-2.887784,-79.007657,20.0,BAJO
CUENCA,URBANA,10,1,13,1,0.0,0.0,0.0,DISPOSITIVO REGULADOR DE TRÁNSITO EN MAL ESTADO DE FUNCIONAMIENTO (SEMÁFORO).,CHOQUE LATERAL,AUTOMÓVIL,-2.908582,-79.016976,20.0,BAJO
CUENCA,URBANA,10,1,17,1,0.0,0.0,0.0,"CONDUCE BAJO LA INFLUENCIA DE ALCOHOL, SUSTANCIAS ESTUPEFACIENTES O PSICOTRÓPICAS Y/O MEDICAMENTOS.",ROZAMIENTOS,CAMIÓN,-2.895483,-79.029019,20.0,BAJO
CUENCA,URBANA,10,1,20,2,0.5,0.0,0.5,"CONDUCIR DESATENTO A LAS CONDICIONES DE TRÁNSITO (CELULAR, PANTALLAS DE VIDEO, COMIDA, MAQUILLAJE O CUALQUIER OTRO ELEMENTO DISTRACTOR).",ARROLLAMIENTOS,AUTOMÓVIL,-2.9069155,-79.0065745,40.0,MEDIO
CUENCA,URBANA,10,1,21,1,3.0,0.0,3.0,"NO RESPETAR LAS SEÑALES REGLAMENTARIAS DE TRÁNSITO. (PARE, CEDA EL PASO, LUZ ROJA DEL SEMAFORO, ETC).",CHOQUE LATERAL,FURGONETA,-2.893512,-78.993797,20.0,BAJO
CUENCA,URBANA,10,1,23,1,2.0,0.0,2.0,"CONDUCE BAJO LA INFLUENCIA DE ALCOHOL, SUSTANCIAS ESTUPEFACIENTES O PSICOTRÓPICAS Y/O MEDICAMENTOS.",CHOQUE LATERAL,MOTOCICLETA,-2.910442,-78.993722,20.0,BAJO
CUENCA,URBANA,10,2,12,1,0.0,0.0,0.0,DISPOSITIVO REGULADOR DE TRÁNSITO EN MAL ESTADO DE FUNCIONAMIENTO (SEMÁFORO).,CHOQUE LATERAL,CAMIONETA,-2.908839,-79.007808,20.0,BAJO
CUENCA,URBANA,10,2,13,1,0.0,0.0,0.0,"NO RESPETAR LAS SEÑALES REGLAMENTARIAS DE TRÁNSITO. (PARE, CEDA EL PASO, LUZ ROJA DEL SEMAFORO, ETC).",CHOQUE LATERAL,AUTOMÓVIL,-2.907168,-79.016547,20.0,BAJO
CUENCA,URBANA,10,2,15,2,1.5,0.0,1.5,DISPOSITIVO REGULADOR DE TRÁNSITO EN MAL ESTADO DE FUNCIONAMIENTO (SEMÁFORO).,CHOQUE LATERAL,AUTOMÓVIL,-2.9040415,-79.0135945,40.0,MEDIO
CUENCA,URBANA,10,2,17,1,1.0,0.0,1.0,"ADELANTAR O REBASAR A OTRO VEHÍCULO EN MOVIMIENTO EN ZONAS O SITIOS PELIGROSOS TALES COMO: CURVAS, PUENTES, TÚNELES, PENDIENTES, ETC.",ATROPELLOS,NO IDENTIFICADO,-2.887682,-79.035784,20.0,BAJO
CUENCA,URBANA,10,2,22,1,2.0,0.0,2.0,"CONDUCE BAJO LA INFLUENCIA DE ALCOHOL, SUSTANCIAS ESTUPEFACIENTES O PSICOTRÓPICAS Y/O MEDICAMENTOS.",CHOQUE LATERAL,MOTOCICLETA,-2.912825,-78.990707,20.0,BAJO
CUENCA,URBANA,10,3,2,1,0.0,0.0,0.0,"NO RESPETAR LAS SEÑALES REGLAMENTARIAS DE TRÁNSITO. (PARE, CEDA EL PASO, LUZ ROJA DEL SEMAFORO, ETC).",PÉRDIDA DE CARRIL,VEHÍCULO DEPORTIVO UTILITARIO,-2.89016,-78.963843,20.0,BAJO
CUENCA,URBANA,10,3,6,1,1.0,0.0,1.0,"NO RESPETAR LAS SEÑALES REGLAMENTARIAS DE TRÁNSITO. (PARE, CEDA EL PASO, LUZ ROJA DEL SEMAFORO, ETC).",CHOQUE LATERAL,NO IDENTIFICADO,-2.867923,-78.984216,20.0,BAJO
CUENCA,URBANA,10,3,7,1,1.0,0.0,1.0,"NO RESPETAR LAS SEÑALES REGLAMENTARIAS DE TRÁNSITO. (PARE, CEDA EL PASO, LUZ ROJA DEL SEMAFORO, ETC).",CHOQUE LATERAL,AUTOMÓVIL,-2.88578,-78.998845,20.0,BAJO
CUENCA,URBANA,10,3,8,1,1.0,0.0,1.0,PEATÓN QUE CRUZA LA CALZADA SIN RESPETAR LA SEÑALIZACIÓN EXISTENTE (SEMÁFOROS O SEÑALES MANUALES).,ATROPELLOS,BUS,-2.893993,-78.998995,20.0,BAJO
CUENCA,URBANA,10,3,9,1,1.0,0.0,1.0,PEATÓN QUE CRUZA LA CALZADA SIN RESPETAR LA SEÑALIZACIÓN EXISTENTE (SEMÁFOROS O SEÑALES MANUALES).,ATROPELLOS,AUTOMÓVIL,-2.898247,-78.981587,20.0,BAJO
CUENCA,URBANA,10,3,10,3,0.6666666666666666,0.0,0.6666666666666666,"CASO FORTUITO O FUERZA MAYOR (EXPLOSIÓN DE NEUMÁTICO NUEVO, DERRUMBE, INUNDACIÓN, CAÍDA DE PUENTE, ÁRBOL, PRESENCIA INTEMPESTIVA E IMPREVISTA DE SEMOVIENTES EN LA VÍA, ETC.).",ATROPELLOS,AUTOMÓVIL,-2.886210333333333,-78.98914933333333,60.0,ALTO
CUENCA,URBANA,10,3,11,1,1.0,0.0,1.0,"NO RESPETAR LAS SEÑALES REGLAMENTARIAS DE TRÁNSITO. (PARE, CEDA EL PASO, LUZ ROJA DEL SEMAFORO, ETC).",CHOQUE LATERAL,MOTOCICLETA,-2.907452,-79.026461,20.0,BAJO
CUENCA,URBANA,10,3,12,1,0.0,0.0,0.0,"NO RESPETAR LAS SEÑALES REGLAMENTARIAS DE TRÁNSITO. (PARE, CEDA EL PASO, LUZ ROJA DEL SEMAFORO, ETC).",CHOQUE LATERAL,CAMIONETA,-2.888859,-78.996273,20.0,BAJO
CUENCA,URBANA,10,3,13,1,2.0,0.0,2.0,DISPOSITIVO REGULADOR DE TRÁNSITO EN MAL ESTADO DE FUNCIONAMIENTO (SEMÁFORO).,CHOQUE LATERAL,MOTOCICLETA,-2.899076,-78.990563,20.0,BAJO
CUENCA,URBANA,10,3,14,1,1.0,0.0,1.0,NO GUARDAR LA DISTANCIA LATERAL MÍNIMA DE SEGURIDAD ENTRE VEHÍCULOS.,ROZAMIENTOS,CAMIONETA,-2.893556,-78.993604,20.0,BAJO
CUENCA,URBANA,10,3,15,1,1.0,0.0,1.0,"NO RESPETAR LAS SEÑALES REGLAMENTARIAS DE TRÁNSITO. (PARE, CEDA EL PASO, LUZ ROJA DEL SEMAFORO, ETC).",ATROPELLOS,AUTOMÓVIL,-2.916324,-79.038574,20.0,BAJO
CUENCA,URBANA,10,3,16,1,3.0,0.0,3.0,REALIZAR CAMBIO BRUSCO O INDEBIDO DE CARRIL.,CHOQUE LATERAL,MOTOCICLETA,-2.904618,-78.976849,20.0,BAJO
CUENCA,URBANA,10,3,17,1,0.0,0.0,0.0,NO MANTENER LA DISTANCIA PRUDENCIAL CON RESPECTO AL VEHÍCULO QUE LE ANTECEDE.,CHOQUE POSTERIOR,VEHÍCULO DEPORTIVO UTILITARIO,-2.923197,-79.029347,20.0,BAJO
CUENCA,URBANA,10,3,19,1,3.0,0.0,3.0,"CONDUCIR DESATENTO A LAS CONDICIONES DE TRÁNSITO (CELULAR, PANTALLAS DE VIDEO, COMIDA, MAQUILLAJE O CUALQUIER OTRO ELEMENTO DISTRACTOR).",CHOQUE LATERAL,VEHÍCULO DEPORTIVO UTILITARIO,-2.909787,-78.994065,20.0,BAJO
CUENCA,URBANA,10,3,21,1,1.0,0.0,1.0,"NO RESPETAR LAS SEÑALES REGLAMENTARIAS DE TRÁNSITO. (PARE, CEDA EL PASO, LUZ ROJA DEL SEMAFORO, ETC).",CHOQUE LATERAL,BICICLETA,-2.906478,-79.009244,20.0,BAJO
CUENCA,URBANA,10,4,1,2,0.0,0.0,0.0,"CONDUCE BAJO LA INFLUENCIA DE ALCOHOL, SUSTANCIAS ESTUPEFACIENTES O PSICOTRÓPICAS Y/O MEDICAMENTOS.",ESTRELLAMIENTOS,AUTOMÓVIL,-2.899208,-78.9680285,40.0,MEDIO
CUENCA,URBANA,10,4,7,2,0.5,0.0,0.5,CONDUCIR VEHÍCULO SUPERANDO LOS LÍMITES MÁXIMOS DE VELOCIDAD.,ATROPELLOS,AUTOMÓVIL,-2.887686,-79.0056905,40.0,MEDIO
CUENCA,URBANA,10,4,11,1,0.0,0.0,0.0,"NO RESPETAR LAS SEÑALES REGLAMENTARIAS DE TRÁNSITO. (PARE, CEDA EL PASO, LUZ ROJA DEL SEMAFORO, ETC).",ATROPELLOS,NO IDENTIFICADO,-2.903034,-78.996771,20.0,BAJO
CUENCA,URBANA,10,4,12,1,1.0,0.0,1.0,"NO RESPETAR LAS SEÑALES REGLAMENTARIAS DE TRÁNSITO. (PARE, CEDA EL PASO, LUZ ROJA DEL SEMAFORO, ETC).",CHOQUE LATERAL,MOTOCICLETA,-2.914084,-78.996903,20.0,BAJO
CUENCA,URBANA,10,4,13,1,0.0,0.0,0.0,"NO RESPETAR LAS SEÑALES REGLAMENTARIAS DE TRÁNSITO. (PARE, CEDA EL PASO, LUZ ROJA DEL SEMAFORO, ETC).",CHOQUE LATERAL,BUS,-2.93501,-79.045261,20.0,BAJO
CUENCA,URBANA,10,4,14,1,0.0,0.0,0.0,"CONDUCIR EN ESTADO DE SOMNOLENCIA O MALAS CONDICIONES FÍSICAS (SUEÑO, CANSANCIO Y FATIGA).",PÉRDIDA DE CARRIL,AUTOMÓVIL,-2.89792,-79.031546,20.0,BAJO
CUENCA,URBANA,10,4,15,1,0.0,0.0,0.0,NO CEDER EL DERECHO DE VÍA O PREFERENCIA DE PASO AL PEATÓN.,ATROPELLOS,NO IDENTIFICADO,-2.902274,-79.0227,20.0,BAJO
CUENCA,URBANA,10,4,18,1,1.0,0.0,1.0,"NO RESPETAR LAS SEÑALES REGLAMENTARIAS DE TRÁNSITO. (PARE, CEDA EL PASO, LUZ ROJA DEL SEMAFORO, ETC).",CHOQUE LATERAL,NO IDENTIFICADO,-2.918944,-79.053352,20.0,BAJO
CUENCA,URBANA,10,4,19,1,1.0,0.0,1.0,"CONDUCE BAJO LA INFLUENCIA DE ALCOHOL, SUSTANCIAS ESTUPEFACIENTES O PSICOTRÓPICAS Y/O MEDICAMENTOS.",ROZAMIENTOS,CAMIONETA,-2.921638,-79.045569,20.0,BAJO
CUENCA,URBANA,10,4,22,1,0.0,0.0,0.0,"NO RESPETAR LAS SEÑALES REGLAMENTARIAS DE TRÁNSITO. (PARE, CEDA EL PASO, LUZ ROJA DEL SEMAFORO, ETC).",ESTRELLAMIENTOS,AUTOMÓVIL,-2.913093,-79.036862,20.0,BAJO
CUENCA,URBANA,10,5,0,1,4.0,0.0,4.0,"CONDUCE BAJO LA INFLUENCIA DE ALCOHOL, SUSTANCIAS ESTUPEFACIENTES O PSICOTRÓPICAS Y/O MEDICAMENTOS.",PÉRDIDA DE CARRIL,AUTOMÓVIL,-2.897776,-78.996677,20.0,BAJO
CUENCA,URBANA,10,5,1,1,2.0,0.0,2.0,"CONDUCIR EN ESTADO DE SOMNOLENCIA O MALAS CONDICIONES FÍSICAS (SUEÑO, CANSANCIO Y FATIGA).",CHOQUE LATERAL,NO IDENTIFICADO,-2.903653,-79.010406,20.0,BAJO
CUENCA,URBANA,10,5,3,1,2.0,0.0,2.0,"NO RESPETAR LAS SEÑALES REGLAMENTARIAS DE TRÁNSITO. (PARE, CEDA EL PASO, LUZ ROJA DEL SEMAFORO, ETC).",CHOQUE LATERAL,CAMIONETA,-2.903009,-78.996755,20.0,BAJO