PARROQUIA,ZONA,MES,DIA_SEMANA,HORA_NUM,ACCIDENTES,PROM_LESIONADOS,PROM_FALLECIDOS,PROM_TOTAL_VICTIMAS,CAUSA_MAS_FRECUENTE,TIPO_SINIESTRO_MAS_FRECUENTE,TIPO_VEHICULO_MAS_FRECUENTE,LATITUD_PROM,LONGITUD_PROM,RIESGO_PORC,NIVEL_RIESGO
TARQUI (CUENCA),RURAL,12,1,7,1,0.0,1.0,1.0,"CONDUCIR DESATENTO A LAS CONDICIONES DE TRÁNSITO (CELULAR, PANTALLAS DE VIDEO, COMIDA, MAQUILLAJE O CUALQUIER OTRO ELEMENTO DISTRACTOR).",ATROPELLOS,CAMIONETA,-3.001417,-79.04225,20.0,BAJO
TARQUI (CUENCA),RURAL,12,1,15,1,1.0,0.0,1.0,"NO RESPETAR LAS SEÑALES REGLAMENTARIAS DE TRÁNSITO. (PARE, CEDA EL PASO, LUZ ROJA DEL SEMAFORO, ETC).",CHOQUE LATERAL,MOTOCICLETA,-2.995556,-79.046444,20.0,BAJO
TARQUI (CUENCA),RURAL,12,1,19,1,0.0,1.0,1.0,"CONDUCIR DESATENTO A LAS CONDICIONES DE TRÁNSITO (CELULAR, PANTALLAS DE VIDEO, COMIDA, MAQUILLAJE O CUALQUIER OTRO ELEMENTO DISTRACTOR).",PÉRDIDA DE CARRIL,MOTOCICLETA,-2.997425,-79.046564,20.0,BAJO
TARQUI (CUENCA),RURAL,12,3,9,1,0.0,0.0,0.0,CONDUCIR EN SENTIDO CONTRARIO A LA VÍA NORMAL DE CIRCULACIÓN.,CHOQUE FRONTAL,CAMIONETA,-3.008259,-79.040051,20.0,BAJO
TARQUI (CUENCA),RURAL,12,4,14,1,0.0,0.0,0.0,NO GUARDAR LA DISTANCIA LATERAL MÍNIMA DE SEGURIDAD ENTRE VEHÍCULOS.,ROZAMIENTOS,AUTOMÓVIL,-3.016972,-79.040139,20.0,BAJO
TARQUI (CUENCA),RURAL,12,4,16,1,0.0,0.0,0.0,NO GUARDAR LA DISTANCIA LATERAL MÍNIMA DE SEGURIDAD ENTRE VEHÍCULOS.,ROZAMIENTOS,CAMIONETA,-3.012333,-79.039278,20.0,BAJO
TARQUI (CUENCA),RURAL,12,4,20,1,0.0,0.0,0.0,NO GUARDAR LA DISTANCIA LATERAL MÍNIMA DE SEGURIDAD ENTRE VEHÍCULOS.,ROZAMIENTOS,CAMIONETA,-3.00975,-79.039583,20.0,BAJO
TARQUI (CUENCA),RURAL,12,5,23,1,0.0,0.0,0.0,"NO RESPETAR LAS SEÑALES REGLAMENTARIAS DE TRÁNSITO. (PARE, CEDA EL PASO, LUZ ROJA DEL SEMAFORO, ETC).",CHOQUE LATERAL,CAMIONETA,-2.961611,-79.05,20.0,BAJO
TARQUI (CUENCA),RURAL,12,6,0,1,0.0,1.0,1.0,"CONDUCIR DESATENTO A LAS CONDICIONES DE TRÁNSITO (CELULAR, PANTALLAS DE VIDEO, COMIDA, MAQUILLAJE O CUALQUIER OTRO ELEMENTO DISTRACTOR).",ATROPELLOS,NO IDENTIFICADO,-2.988833,-79.045778,20.0,BAJO
TARQUI (CUENCA),RURAL,12,6,7,1,0.0,0.0,0.0,CONDUCIR EN SENTIDO CONTRARIO A LA VÍA NORMAL DE CIRCULACIÓN.,CHOQUE FRONTAL,AUTOMÓVIL,-2.977725,-79.047693,20.0,BAJO
TARQUI (CUENCA),RURAL,12,6,10,1,0.0,0.0,0.0,NO MANTENER LA DISTANCIA PRUDENCIAL CON RESPECTO AL VEHÍCULO QUE LE ANTECEDE.,COLISIÓN,NO IDENTIFICADO,-2.987361,-79.046889,20.0,BAJO
TARQUI (CUENCA),RURAL,12,6,17,1,1.0,0.0,1.0,"CONDUCIR DESATENTO A LAS CONDICIONES DE TRÁNSITO (CELULAR, PANTALLAS DE VIDEO, COMIDA, MAQUILLAJE O CUALQUIER OTRO ELEMENTO DISTRACTOR).",ATROPELLOS,NO IDENTIFICADO,-2.99925,-79.044917,20.0,BAJO
TARQUI (CUENCA),RURAL,12,6,18,1,2.0,0.0,2.0,"CONDUCIR DESATENTO A LAS CONDICIONES DE TRÁNSITO (CELULAR, PANTALLAS DE VIDEO, COMIDA, MAQUILLAJE O CUALQUIER OTRO ELEMENTO DISTRACTOR).",PÉRDIDA DE CARRIL,VEHÍCULO DEPORTIVO UTILITARIO,-2.977296,-79.04781,20.0,BAJO
TURI,RURAL,2,2,19,1,1.0,0.0,1.0,NO CEDER EL DERECHO DE VÍA O PREFERENCIA DE PASO AL PEATÓN.,ATROPELLOS,NO IDENTIFICADO,-2.928684,-79.032404,20.0,BAJO
TURI,RURAL,2,5,0,1,2.0,0.0,2.0,"CONDUCE BAJO LA INFLUENCIA DE ALCOHOL, SUSTANCIAS ESTUPEFACIENTES O PSICOTRÓPICAS Y/O MEDICAMENTOS.",ESTRELLAMIENTOS,FURGONETA,-2.927623,-79.035825,20.0,BAJO
TURI,RURAL,2,5,15,1,0.0,0.0,0.0,"CONDUCIR DESATENTO A LAS CONDICIONES DE TRÁNSITO (CELULAR, PANTALLAS DE VIDEO, COMIDA, MAQUILLAJE O CUALQUIER OTRO ELEMENTO DISTRACTOR).",PÉRDIDA DE PISTA,AUTOMÓVIL,-2.926311,-79.023027,20.0,BAJO
TURI,RURAL,2,5,19,1,1.0,0.0,1.0,"CONDUCIR DESATENTO A LAS CONDICIONES DE TRÁNSITO (CELULAR, PANTALLAS DE VIDEO, COMIDA, MAQUILLAJE O CUALQUIER OTRO ELEMENTO DISTRACTOR).",PÉRDIDA DE CARRIL,MOTOCICLETA,-2.93291,-79.013956,20.0,BAJO
TURI,RURAL,3,3,17,1,0.0,0.0,0.0,"CONDUCE BAJO LA INFLUENCIA DE ALCOHOL, SUSTANCIAS ESTUPEFACIENTES O PSICOTRÓPICAS Y/O MEDICAMENTOS.",PÉRDIDA DE PISTA,VEHÍCULO DEPORTIVO UTILITARIO,-2.929851,-79.012105,20.0,BAJO
TURI,RURAL,4,0,19,1,1.0,0.0,1.0,"CONDUCIR DESATENTO A LAS CONDICIONES DE TRÁNSITO (CELULAR, PANTALLAS DE VIDEO, COMIDA, MAQUILLAJE O CUALQUIER OTRO ELEMENTO DISTRACTOR).",ATROPELLOS,MOTOCICLETA,-2.938166,-79.026107,20.0,BAJO
TURI,RURAL,4,3,23,1,1.0,0.0,1.0,"CONDUCIR DESATENTO A LAS CONDICIONES DE TRÁNSITO (CELULAR, PANTALLAS DE VIDEO, COMIDA, MAQUILLAJE O CUALQUIER OTRO ELEMENTO DISTRACTOR).",PÉRDIDA DE PISTA,VEHÍCULO DEPORTIVO UTILITARIO,-2.937512,-79.019208,20.0,BAJO
TURI,RURAL,4,6,1,1,2.0,0.0,2.0,"CONDUCE BAJO LA INFLUENCIA DE ALCOHOL, SUSTANCIAS ESTUPEFACIENTES O PSICOTRÓPICAS Y/O MEDICAMENTOS.",PÉRDIDA DE PISTA,MOTOCICLETA,-2.930644,-79.006376,20.0,BAJO
TURI,RURAL,6,2,6,1,0.0,0.0,0.0,CONDUCIR VEHÍCULO SUPERANDO LOS LÍMITES MÁXIMOS DE VELOCIDAD.,ESTRELLAMIENTOS,AUTOMÓVIL,-2.924054,-79.010421,20.0,BAJO
TURI,RURAL,8,1,16,1,1.0,0.0,1.0,NO CEDER EL DERECHO DE VÍA O PREFERENCIA DE PASO A VEHÍCULOS.,CHOQUE LATERAL,MOTOCICLETA,-2.922811,-79.006361,20.0,BAJO
TURI,RURAL,8,6,12,1,1.0,0.0,1.0,MALAS CONDICIONES DE LA VÍA Y/O CONFIGURACIÓN. (ILUMINACIÓN Y DISEÑO).,PÉRDIDA DE PISTA,VEHÍCULO DEPORTIVO UTILITARIO,-2.956424,-79.022944,20.0,BAJO
TURI,RURAL,10,4,17,1,0.0,0.0,0.0,"NO RESPETAR LAS SEÑALES REGLAMENTARIAS DE TRÁNSITO. (PARE, CEDA EL PASO, LUZ ROJA DEL SEMAFORO, ETC).",CHOQUE LATERAL,NO IDENTIFICADO,-2.922344,-79.009513,20.0,BAJO
TURI,RURAL,11,5,15,1,0.0,0.0,0.0,NO GUARDAR LA DISTANCIA LATERAL MÍNIMA DE SEGURIDAD ENTRE VEHÍCULOS.,ROZAMIENTOS,AUTOMÓVIL,-2.933055,-79.032855,20.0,BAJO
TURI,RURAL,11,6,17,1,2.0,0.0,2.0,"ADELANTAR O REBASAR A OTRO VEHÍCULO EN MOVIMIENTO EN ZONAS O SITIOS PELIGROSOS TALES COMO: CURVAS, PUENTES, TÚNELES, PENDIENTES, ETC.",CHOQUE LATERAL,AUTOMÓVIL,-2.936944,-79.026836,20.0,BAJO
TURI,RURAL,12,0,14,1,0.0,1.0,1.0,NO TRANSITAR POR LAS ACERAS O ZONAS DE SEGURIDAD DESTINADAS PARA EL EFECTO.,ATROPELLOS,CAMIONETA,-2.247778,-79.646833,20.0,BAJO
TURI,URBANA,2,0,16,1,3.0,0.0,3.0,"CONDUCIR DESATENTO A LAS CONDICIONES DE TRÁNSITO (CELULAR, PANTALLAS DE VIDEO, COMIDA, MAQUILLAJE O CUALQUIER OTRO ELEMENTO DISTRACTOR).",CHOQUE POSTERIOR,NO IDENTIFICADO,-2.919783,-79.005094,20.0,BAJO
TURI,URBANA,5,2,17,1,1.0,0.0,1.0,"PRESENCIA DE AGENTES EXTERNOS EN LA VÍA (AGUA, ACEITE, PIEDRA, LASTRE, ESCOMBROS, MADEROS, ETC.).",PÉRDIDA DE PISTA,AUTOMÓVIL,-2.92174,-79.000268,20.0,BAJO
TURI,URBANA,6,6,19,1,1.0,0.0,1.0,"PEATÓN TRANSITA BAJO INFLUENCIA DE ALCOHOL, SUSTANCIAS ESTUPEFACIENTES O PSICOTRÓPICAS Y/O MEDICAMENTOS.",ATROPELLOS,NO IDENTIFICADO,-2.923247,-79.029402,20.0,BAJO
TURI,URBANA,7,5,15,1,1.0,0.0,1.0,"CONDUCIR DESATENTO A LAS CONDICIONES DE TRÁNSITO (CELULAR, PANTALLAS DE VIDEO, COMIDA, MAQUILLAJE O CUALQUIER OTRO ELEMENTO DISTRACTOR).",VOLCAMIENTOS,CAMIONETA,-2.947943,-79.023918,20.0,BAJO
TURI,URBANA,11,5,17,1,0.0,0.0,0.0,"CONDUCE BAJO LA INFLUENCIA DE ALCOHOL, SUSTANCIAS ESTUPEFACIENTES O PSICOTRÓPICAS Y/O MEDICAMENTOS.",ESTRELLAMIENTOS,AUTOMÓVIL,-2.929676,-79.028724,20.0,BAJO
TURI,URBANA,11,5,22,1,2.0,0.0,2.0,"CONDUCIR DESATENTO A LAS CONDICIONES DE TRÁNSITO (CELULAR, PANTALLAS DE VIDEO, COMIDA, MAQUILLAJE O CUALQUIER OTRO ELEMENTO DISTRACTOR).",CHOQUE LATERAL,AUTOMÓVIL,-2.923328,-79.029483,20.0,BAJO
TURI,URBANA,12,3,22,1,0.0,0.0,0.0,"CONDUCE BAJO LA INFLUENCIA DE ALCOHOL, SUSTANCIAS ESTUPEFACIENTES O PSICOTRÓPICAS Y/O MEDICAMENTOS.",ROZAMIENTOS,AUTOMÓVIL,-1.329457,-78.533706,20.0,BAJO
VALLE,RURAL,1,0,6,1,1.0,0.0,1.0,"CONDUCIR DESATENTO A LAS CONDICIONES DE TRÁNSITO (CELULAR, PANTALLAS DE VIDEO, COMIDA, MAQUILLAJE O CUALQUIER OTRO ELEMENTO DISTRACTOR).",PÉRDIDA DE PISTA,AUTOMÓVIL,-2.930489,-78.967382,20.0,BAJO
VALLE,RURAL,1,1,19,1,1.0,0.0,1.0,NO GUARDAR LA DISTANCIA LATERAL MÍNIMA DE SEGURIDAD ENTRE VEHÍCULOS.,CHOQUE LATERAL,BUS,-2.915884,-78.984571,20.0,BAJO
VALLE,RURAL,1,2,6,1,0.0,0.0,0.0,CONDUCIR EN SENTIDO CONTRARIO A LA VÍA NORMAL DE CIRCULACIÓN.,CHOQUE LATERAL,CAMIONETA,-2.924676,-78.976481,20.0,BAJO
VALLE,RURAL,2,1,0,1,0.0,0.0,0.0,"CONDUCIR DESATENTO A LAS CONDICIONES DE TRÁNSITO (CELULAR, PANTALLAS DE VIDEO, COMIDA, MAQUILLAJE O CUALQUIER OTRO ELEMENTO DISTRACTOR).",ESTRELLAMIENTOS,AUTOMÓVIL,-2.918858,-78.981045,20.0,BAJO
VALLE,RURAL,2,6,21,1,1.0,0.0,1.0,NO GUARDAR LA DISTANCIA LATERAL MÍNIMA DE SEGURIDAD ENTRE VEHÍCULOS.,ROZAMIENTOS,CAMIONETA,-2.924333,-78.977065,20.0,BAJO
VALLE,RURAL,3,1,20,1,0.0,1.0,1.0,"PEATÓN TRANSITA BAJO INFLUENCIA DE ALCOHOL, SUSTANCIAS ESTUPEFACIENTES O PSICOTRÓPICAS Y/O MEDICAMENTOS.",ARROLLAMIENTOS,NO IDENTIFICADO,-2.934919,-78.956991,20.0,BAJO
VALLE,RURAL,3,5,13,1,0.0,1.0,1.0,"CONDUCIR DESATENTO A LAS CONDICIONES DE TRÁNSITO (CELULAR, PANTALLAS DE VIDEO, COMIDA, MAQUILLAJE O CUALQUIER OTRO ELEMENTO DISTRACTOR).",PÉRDIDA DE PISTA,MOTOCICLETA,-2.942982,-78.960848,20.0,BAJO
VALLE,RURAL,4,0,6,1,1.0,0.0,1.0,NO GUARDAR LA DISTANCIA LATERAL MÍNIMA DE SEGURIDAD ENTRE VEHÍCULOS.,ROZAMIENTOS,MOTOCICLETA,-2.942205,-78.952796,20.0,BAJO
VALLE,RURAL,4,5,21,1,1.0,0.0,1.0,"CONDUCE BAJO LA INFLUENCIA DE ALCOHOL, SUSTANCIAS ESTUPEFACIENTES O PSICOTRÓPICAS Y/O MEDICAMENTOS.",ATROPELLOS,CAMIONETA,-2.925441,-78.974174,20.0,BAJO
VALLE,RURAL,4,6,16,1,1.0,0.0,1.0,"PEATÓN TRANSITA BAJO INFLUENCIA DE ALCOHOL, SUSTANCIAS ESTUPEFACIENTES O PSICOTRÓPICAS Y/O MEDICAMENTOS.",ARROLLAMIENTOS,NO IDENTIFICADO,-2.954173,-78.955643,20.0,BAJO
VALLE,RURAL,5,5,16,1,1.0,0.0,1.0,"CONDUCE BAJO LA INFLUENCIA DE ALCOHOL, SUSTANCIAS ESTUPEFACIENTES O PSICOTRÓPICAS Y/O MEDICAMENTOS.",CHOQUE FRONTAL,CAMIONETA,-2.922892,-78.974115,20.0,BAJO
VALLE,RURAL,6,4,19,1,2.0,0.0,2.0,"CONDUCIR DESATENTO A LAS CONDICIONES DE TRÁNSITO (CELULAR, PANTALLAS DE VIDEO, COMIDA, MAQUILLAJE O CUALQUIER OTRO ELEMENTO DISTRACTOR).",CHOQUE LATERAL,MOTOCICLETA,-2.910343,-78.955693,20.0,BAJO
VALLE,RURAL,6,5,12,1,1.0,0.0,1.0,CONDUCIR EN SENTIDO CONTRARIO A LA VÍA NORMAL DE CIRCULACIÓN.,CHOQUE FRONTAL,CAMIONETA,-2.949634,-78.952263,20.0,BAJO
VALLE,RURAL,6,6,19,2,0.5,0.0,0.5,CONDUCIR EN SENTIDO CONTRARIO A LA VÍA NORMAL DE CIRCULACIÓN.,CHOQUE FRONTAL,CAMIONETA,-2.917418,-78.963215,40.0,MEDIO
VALLE,RURAL,8,0,19,1,0.0,0.0,0.0,"CONDUCE BAJO LA INFLUENCIA DE ALCOHOL, SUSTANCIAS ESTUPEFACIENTES O PSICOTRÓPICAS Y/O MEDICAMENTOS.",ESTRELLAMIENTOS,NO IDENTIFICADO,-2.940035,-78.967119,20.0,BAJO
VALLE,RURAL,8,4,21,1,0.0,0.0,0.0,REALIZAR CAMBIO BRUSCO O INDEBIDO DE CARRIL.,CHOQUE LATERAL,CAMIONETA,-2.922983,-78.978589,20.0,BAJO
VALLE,RURAL,8,5,14,1,1.0,0.0,1.0,"CONDUCE BAJO LA INFLUENCIA DE ALCOHOL, SUSTANCIAS ESTUPEFACIENTES O PSICOTRÓPICAS Y/O MEDICAMENTOS.",CHOQUE LATERAL,NO IDENTIFICADO,-2.935451,-78.968455,20.0,BAJO
VALLE,RURAL,9,2,7,1,1.0,0.0,1.0,"CONDUCIR DESATENTO A LAS CONDICIONES DE TRÁNSITO (CELULAR, PANTALLAS DE VIDEO, COMIDA, MAQUILLAJE O CUALQUIER OTRO ELEMENTO DISTRACTOR).",ATROPELLOS,NO IDENTIFICADO,-2.944734,-78.976979,20.0,BAJO
VALLE,RURAL,9,5,20,1,0.0,0.0,0.0,PEATÓN QUE CRUZA LA CALZADA SIN RESPETAR LA SEÑALIZACIÓN EXISTENTE (SEMÁFOROS O SEÑALES MANUALES).,ARROLLAMIENTOS,NO IDENTIFICADO,-2.928102,-78.971901,20.0,BAJO
VALLE,RURAL,9,6,19,1,0.0,0.0,0.0,"CONDUCIR DESATENTO A LAS CONDICIONES DE TRÁNSITO (CELULAR, PANTALLAS DE VIDEO, COMIDA, MAQUILLAJE O CUALQUIER OTRO ELEMENTO DISTRACTOR).",PÉRDIDA DE CARRIL,AUTOMÓVIL,-2.924654,-78.976691,20.0,BAJO
VALLE,RURAL,10,4,20,1,0.0,0.0,0.0,NO MANTENER LA DISTANCIA PRUDENCIAL CON RESPECTO AL VEHÍCULO QUE LE ANTECEDE.,CHOQUE POSTERIOR,VEHÍCULO DEPORTIVO UTILITARIO,-2.934939,-78.957459,20.0,BAJO
VALLE,RURAL,12,2,16,1,1.0,0.0,1.0,"CONDUCE BAJO LA INFLUENCIA DE ALCOHOL, SUSTANCIAS ESTUPEFACIENTES O PSICOTRÓPICAS Y/O MEDICAMENTOS.",CHOQUE LATERAL,AUTOMÓVIL,-2.807528,-79.676444,20.0,BAJO
VALLE,URBANA,2,5,19,1,0.0,0.0,0.0,"CONDUCIR DESATENTO A LAS CONDICIONES DE TRÁNSITO (CELULAR, PANTALLAS DE VIDEO, COMIDA, MAQUILLAJE O CUALQUIER OTRO ELEMENTO DISTRACTOR).",PÉRDIDA DE PISTA,VEHÍCULO DEPORTIVO UTILITARIO,-2.912001,-78.984039,20.0,BAJO
VALLE,URBANA,3,2,0,1,1.0,0.0,1.0,"CONDUCIR DESATENTO A LAS CONDICIONES DE TRÁNSITO (CELULAR, PANTALLAS DE VIDEO, COMIDA, MAQUILLAJE O CUALQUIER OTRO ELEMENTO DISTRACTOR).",PÉRDIDA DE CARRIL,NO IDENTIFICADO,-2.914657,-78.965451,20.0,BAJO
VALLE,URBANA,3,4,6,1,0.0,0.0,0.0,"CONDUCIR DESATENTO A LAS CONDICIONES DE TRÁNSITO (CELULAR, PANTALLAS DE VIDEO, COMIDA, MAQUILLAJE O CUALQUIER OTRO ELEMENTO DISTRACTOR).",PÉRDIDA DE PISTA,AUTOMÓVIL,-2.914614,-78.986313,20.0,BAJO
VALLE,URBANA,4,3,22,1,0.0,1.0,1.0,"CONDUCIR DESATENTO A LAS CONDICIONES DE TRÁNSITO (CELULAR, PANTALLAS DE VIDEO, COMIDA, MAQUILLAJE O CUALQUIER OTRO ELEMENTO DISTRACTOR).",PÉRDIDA DE CARRIL,MOTOCICLETA,-2.910414,-78.982483,20.0,BAJO
VALLE,URBANA,6,4,19,1,0.0,0.0,0.0,CONDUCIR VEHÍCULO SUPERANDO LOS LÍMITES MÁXIMOS DE VELOCIDAD.,ESTRELLAMIENTOS,VEHÍCULO DEPORTIVO UTILITARIO,-2.904098,-78.958978,20.0,BAJO
VALLE,URBANA,7,4,11,1,3.0,0.0,3.0,"CASO FORTUITO O FUERZA MAYOR (EXPLOSIÓN DE NEUMÁTICO NUEVO, DERRUMBE, INUNDACIÓN, CAÍDA DE PUENTE, ÁRBOL, PRESENCIA INTEMPESTIVA E IMPREVISTA DE SEMOVIENTES EN LA VÍA, ETC.).",OTROS,ESPECIAL,-2.913532,-78.967484,20.0,BAJO
VALLE,URBANA,10,5,2,1,1.0,0.0,1.0,"CONDUCE BAJO LA INFLUENCIA DE ALCOHOL, SUSTANCIAS ESTUPEFACIENTES O PSICOTRÓPICAS Y/O MEDICAMENTOS.",ATROPELLOS,AUTOMÓVIL,-2.936435,-78.96639,20.0,BAJO
VALLE,URBANA,10,6,12,1,0.0,0.0,0.0,"CONDUCE BAJO LA INFLUENCIA DE ALCOHOL, SUSTANCIAS ESTUPEFACIENTES O PSICOTRÓPICAS Y/O MEDICAMENTOS.",ESTRELLAMIENTOS,CAMIONETA,-2.937212,-78.979994,20.0,BAJO
VALLE,URBANA,12,5,19,1,0.0,0.0,0.0,CONDUCIR EN SENTIDO CONTRARIO A LA VÍA NORMAL DE CIRCULACIÓN.,CHOQUE FRONTAL,MOTOCICLETA,-2.911684,-78.957372,20.0,BAJO
VICTORIA DEL PORTETE,RURAL,2,5,7,1,1.0,0.0,1.0,"NO RESPETAR LAS SEÑALES REGLAMENTARIAS DE TRÁNSITO. (PARE, CEDA EL PASO, LUZ ROJA DEL SEMAFORO, ETC).",CHOQUE LATERAL,CAMIÓN,-3.029944,-79.075806,20.0,BAJO
VICTORIA DEL PORTETE,RURAL,3,3,7,1,0.0,0.0,0.0,"NO RESPETAR LAS SEÑALES REGLAMENTARIAS DE TRÁNSITO. (PARE, CEDA EL PASO, LUZ ROJA DEL SEMAFORO, ETC).",CHOQUE LATERAL,CAMIONETA,-3.070969,-79.061277,20.0,BAJO
VICTORIA DEL PORTETE,RURAL,3,6,12,1,0.0,0.0,0.0,"NO RESPETAR LAS SEÑALES REGLAMENTARIAS DE TRÁNSITO. (PARE, CEDA EL PASO, LUZ ROJA DEL SEMAFORO, ETC).",CHOQUE LATERAL,AUTOMÓVIL,-3.059806,-79.051083,20.0,BAJO
VICTORIA DEL PORTETE,RURAL,3,6,21,1,0.0,1.0,1.0,"CONDUCIR DESATENTO A LAS CONDICIONES DE TRÁNSITO (CELULAR, PANTALLAS DE VIDEO, COMIDA, MAQUILLAJE O CUALQUIER OTRO ELEMENTO DISTRACTOR).",ATROPELLOS,NO IDENTIFICADO,-3.058722,-79.050639,20.0,BAJO
VICTORIA DEL PORTETE,RURAL,4,6,12,1,0.0,0.0,0.0,NO MANTENER LA DISTANCIA PRUDENCIAL CON RESPECTO AL VEHÍCULO QUE LE ANTECEDE.,CHOQUE POSTERIOR,VEHÍCULO DEPORTIVO UTILITARIO,-3.066472,-79.055444,20.0,BAJO
VICTORIA DEL PORTETE,RURAL,5,5,18,1,1.0,0.0,1.0,"NO RESPETAR LAS SEÑALES REGLAMENTARIAS DE TRÁNSITO. (PARE, CEDA EL PASO, LUZ ROJA DEL SEMAFORO, ETC).",CHOQUE LATERAL,MOTOCICLETA,-3.050667,-79.047333,20.0,BAJO
VICTORIA DEL PORTETE,RURAL,6,2,20,1,0.0,0.0,0.0,NO GUARDAR LA DISTANCIA LATERAL MÍNIMA DE SEGURIDAD ENTRE VEHÍCULOS.,ROZAMIENTOS,CAMIÓN,-3.081119,-79.072427,20.0,BAJO
VICTORIA DEL PORTETE,RURAL,6,4,21,1,0.0,0.0,0.0,NO MANTENER LA DISTANCIA PRUDENCIAL CON RESPECTO AL VEHÍCULO QUE LE ANTECEDE.,CHOQUE POSTERIOR,CAMIÓN,-3.108333,-79.104722,20.0,BAJO
VICTORIA DEL PORTETE,RURAL,6,5,13,2,0.0,0.0,0.0,"NO RESPETAR LAS SEÑALES REGLAMENTARIAS DE TRÁNSITO. (PARE, CEDA EL PASO, LUZ ROJA DEL SEMAFORO, ETC).",CHOQUE LATERAL,AUTOMÓVIL,-3.0454160000000003,-79.06597149999999,40.0,MEDIO
VICTORIA DEL PORTETE,RURAL,6,6,12,1,2.0,0.0,2.0,NO GUARDAR LA DISTANCIA LATERAL MÍNIMA DE SEGURIDAD ENTRE VEHÍCULOS.,ROZAMIENTOS,CAMIÓN,-3.065001,-79.062501,20.0,BAJO
VICTORIA DEL PORTETE,RURAL,7,1,10,1,0.0,0.0,0.0,"NO RESPETAR LAS SEÑALES REGLAMENTARIAS DE TRÁNSITO. (PARE, CEDA EL PASO, LUZ ROJA DEL SEMAFORO, ETC).",CHOQUE LATERAL,CAMIONETA,-3.075226,-79.068802,20.0,BAJO
VICTORIA DEL PORTETE,RURAL,7,4,1,1,0.0,0.0,0.0,"CONDUCIR DESATENTO A LAS CONDICIONES DE TRÁNSITO (CELULAR, PANTALLAS DE VIDEO, COMIDA, MAQUILLAJE O CUALQUIER OTRO ELEMENTO DISTRACTOR).",ESTRELLAMIENTOS,CAMIÓN,-3.093417,-79.086861,20.0,BAJO
VICTORIA DEL PORTETE,RURAL,8,1,16,1,1.0,0.0,1.0,"NO RESPETAR LAS SEÑALES REGLAMENTARIAS DE TRÁNSITO. (PARE, CEDA EL PASO, LUZ ROJA DEL SEMAFORO, ETC).",CHOQUE LATERAL,NO IDENTIFICADO,-3.083751,-79.076306,20.0,BAJO
VICTORIA DEL PORTETE,RURAL,8,6,19,1,1.0,0.0,1.0,NO MANTENER LA DISTANCIA PRUDENCIAL CON RESPECTO AL VEHÍCULO QUE LE ANTECEDE.,COLISIÓN,CAMIONETA,-3.082606,-79.072987,20.0,BAJO
VICTORIA DEL PORTETE,RURAL,9,6,23,1,0.0,0.0,0.0,"CONDUCIR DESATENTO A LAS CONDICIONES DE TRÁNSITO (CELULAR, PANTALLAS DE VIDEO, COMIDA, MAQUILLAJE O CUALQUIER OTRO ELEMENTO DISTRACTOR).",PÉRDIDA DE CARRIL,VEHÍCULO DEPORTIVO UTILITARIO,-3.053611,-79.047222,20.0,BAJO
VICTORIA DEL PORTETE,RURAL,10,0,14,1,1.0,0.0,1.0,"CONDUCIR DESATENTO A LAS CONDICIONES DE TRÁNSITO (CELULAR, PANTALLAS DE VIDEO, COMIDA, MAQUILLAJE O CUALQUIER OTRO ELEMENTO DISTRACTOR).",ARROLLAMIENTOS,CAMIÓN,-3.101583,-79.11666,20.0,BAJO
VICTORIA DEL PORTETE,RURAL,10,5,20,1,0.0,0.0,0.0,"CONDUCIR DESATENTO A LAS CONDICIONES DE TRÁNSITO (CELULAR, PANTALLAS DE VIDEO, COMIDA, MAQUILLAJE O CUALQUIER OTRO ELEMENTO DISTRACTOR).",ESTRELLAMIENTOS,CAMIONETA,-3.118333,-79.09333,20.0,BAJO
VICTORIA DEL PORTETE,RURAL,10,6,11,1,0.0,0.0,0.0,"NO RESPETAR LAS SEÑALES REGLAMENTARIAS DE TRÁNSITO. (PARE, CEDA EL PASO, LUZ ROJA DEL SEMAFORO, ETC).",CHOQUE LATERAL,CAMIONETA,-3.098472,-79.098,20.0,BAJO
VICTORIA DEL PORTETE,RURAL,10,6,15,1,1.0,0.0,1.0,NO GUARDAR LA DISTANCIA LATERAL MÍNIMA DE SEGURIDAD ENTRE VEHÍCULOS.,ROZAMIENTOS,VEHÍCULO DEPORTIVO UTILITARIO,-3.060444,-79.05138,20.0,BAJO
VICTORIA DEL PORTETE,RURAL,11,3,1,1,0.0,0.0,0.0,"CONDUCIR DESATENTO A LAS CONDICIONES DE TRÁNSITO (CELULAR, PANTALLAS DE VIDEO, COMIDA, MAQUILLAJE O CUALQUIER OTRO ELEMENTO DISTRACTOR).",PÉRDIDA DE CARRIL,AUTOMÓVIL,-3.081119,-79.072427,20.0,BAJO
VICTORIA DEL PORTETE,RURAL,12,0,11,1,1.0,0.0,1.0,"CONDUCE BAJO LA INFLUENCIA DE ALCOHOL, SUSTANCIAS ESTUPEFACIENTES O PSICOTRÓPICAS Y/O MEDICAMENTOS.",CHOQUE LATERAL,MOTOCICLETA,-2.216233,-79.895334,20.0,BAJO
VICTORIA DEL PORTETE,RURAL,12,1,16,1,1.0,0.0,1.0,"NO RESPETAR LAS SEÑALES REGLAMENTARIAS DE TRÁNSITO. (PARE, CEDA EL PASO, LUZ ROJA DEL SEMAFORO, ETC).",CHOQUE LATERAL,MOTOCICLETA,-3.07296,-79.064623,20.0,BAJO